bsr,basin,bsr_crosswalk_status,species,life_stage,fish_use_rating,corrected_score,species_aggregate_score,fish_use_score,rank,fish_use_score_100,fish_use_score_decimal
CC1,Catherine Creek,provisional_positional,Chinook,Spawning,0,0,0.77,1.722,16,41.62,0.4162
CC1,Catherine Creek,provisional_positional,Chinook,Winter Rearing,1,0.9,0.77,1.722,16,41.62,0.4162
CC1,Catherine Creek,provisional_positional,Chinook,Summer Rearing,0,0,0.77,1.722,16,41.62,0.4162
CC1,Catherine Creek,provisional_positional,Chinook,Migration,0.34,1.92,0.77,1.722,16,41.62,0.4162
CC1,Catherine Creek,provisional_positional,Steelhead,Spawning,0,0,0.58,1.722,16,41.62,0.4162
CC1,Catherine Creek,provisional_positional,Steelhead,Winter Rearing,0.33,0.37,0.58,1.722,16,41.62,0.4162
CC1,Catherine Creek,provisional_positional,Steelhead,Summer Rearing,0,0,0.58,1.722,16,41.62,0.4162
CC1,Catherine Creek,provisional_positional,Steelhead,Migration,0.17,1.94,0.58,1.722,16,41.62,0.4162
CC1,Catherine Creek,provisional_positional,Bull Trout,Spawning & Resident,0,0,0.37,1.722,16,41.62,0.4162
CC1,Catherine Creek,provisional_positional,Bull Trout,FMO,0.67,0.93,0.37,1.722,16,41.62,0.4162
CC2,Catherine Creek,provisional_positional,Chinook,Spawning,0,0,0.46,1.16,21,28.03,0.2803
CC2,Catherine Creek,provisional_positional,Chinook,Winter Rearing,1,0.9,0.46,1.16,21,28.03,0.2803
CC2,Catherine Creek,provisional_positional,Chinook,Summer Rearing,0,0,0.46,1.16,21,28.03,0.2803
CC2,Catherine Creek,provisional_positional,Chinook,Migration,0.15,0.88,0.46,1.16,21,28.03,0.2803
CC2,Catherine Creek,provisional_positional,Steelhead,Spawning,0,0,0.33,1.16,21,28.03,0.2803
CC2,Catherine Creek,provisional_positional,Steelhead,Winter Rearing,0.33,0.37,0.33,1.16,21,28.03,0.2803
CC2,Catherine Creek,provisional_positional,Steelhead,Summer Rearing,0,0,0.33,1.16,21,28.03,0.2803
CC2,Catherine Creek,provisional_positional,Steelhead,Migration,0.08,0.96,0.33,1.16,21,28.03,0.2803
CC2,Catherine Creek,provisional_positional,Bull Trout,Spawning & Resident,0,0,0.37,1.16,21,28.03,0.2803
CC2,Catherine Creek,provisional_positional,Bull Trout,FMO,0.67,0.93,0.37,1.16,21,28.03,0.2803
CC3,Catherine Creek,provisional_positional,Chinook,Spawning,0,0,0.12,0.712,28,17.22,0.1722
CC3,Catherine Creek,provisional_positional,Chinook,Winter Rearing,0.33,0.3,0.12,0.712,28,17.22,0.1722
CC3,Catherine Creek,provisional_positional,Chinook,Summer Rearing,0,0,0.12,0.712,28,17.22,0.1722
CC3,Catherine Creek,provisional_positional,Chinook,Migration,0.04,0.2,0.12,0.712,28,17.22,0.1722
CC3,Catherine Creek,provisional_positional,Steelhead,Spawning,0.67,0.71,0.59,0.712,28,17.22,0.1722
CC3,Catherine Creek,provisional_positional,Steelhead,Winter Rearing,0.67,0.75,0.59,0.712,28,17.22,0.1722
CC3,Catherine Creek,provisional_positional,Steelhead,Summer Rearing,0.33,0.35,0.59,0.712,28,17.22,0.1722
CC3,Catherine Creek,provisional_positional,Steelhead,Migration,0.05,0.54,0.59,0.712,28,17.22,0.1722
CC3,Catherine Creek,provisional_positional,Bull Trout,Spawning & Resident,0,0,0,0.712,28,17.22,0.1722
CC3,Catherine Creek,provisional_positional,Bull Trout,FMO,0,0,0,0.712,28,17.22,0.1722
CC4,Catherine Creek,provisional_positional,Chinook,Spawning,0,0,0.3,1.048,23,25.32,0.2532
CC4,Catherine Creek,provisional_positional,Chinook,Winter Rearing,0.33,0.3,0.3,1.048,23,25.32,0.2532
CC4,Catherine Creek,provisional_positional,Chinook,Summer Rearing,0.33,0.5,0.3,1.048,23,25.32,0.2532
CC4,Catherine Creek,provisional_positional,Chinook,Migration,0.03,0.2,0.3,1.048,23,25.32,0.2532
CC4,Catherine Creek,provisional_positional,Steelhead,Spawning,1,1.06,0.75,1.048,23,25.32,0.2532
CC4,Catherine Creek,provisional_positional,Steelhead,Winter Rearing,0.67,0.75,0.75,1.048,23,25.32,0.2532
CC4,Catherine Creek,provisional_positional,Steelhead,Summer Rearing,1,1.06,0.75,1.048,23,25.32,0.2532
CC4,Catherine Creek,provisional_positional,Steelhead,Migration,0.01,0.11,0.75,1.048,23,25.32,0.2532
CC4,Catherine Creek,provisional_positional,Bull Trout,Spawning & Resident,0,0,0,1.048,23,25.32,0.2532
CC4,Catherine Creek,provisional_positional,Bull Trout,FMO,0,0,0,1.048,23,25.32,0.2532
CC5,Catherine Creek,provisional_positional,Chinook,Spawning,0.33,0.74,0.93,1.929,14,46.63,0.4663
CC5,Catherine Creek,provisional_positional,Chinook,Winter Rearing,1,0.9,0.93,1.929,14,46.63,0.4663
CC5,Catherine Creek,provisional_positional,Chinook,Summer Rearing,0.67,1.01,0.93,1.929,14,46.63,0.4663
CC5,Catherine Creek,provisional_positional,Chinook,Migration,0.16,0.92,0.93,1.929,14,46.63,0.4663
CC5,Catherine Creek,provisional_positional,Steelhead,Spawning,0.67,0.71,0.63,1.929,14,46.63,0.4663
CC5,Catherine Creek,provisional_positional,Steelhead,Winter Rearing,0.33,0.37,0.63,1.929,14,46.63,0.4663
CC5,Catherine Creek,provisional_positional,Steelhead,Summer Rearing,0.67,0.71,0.63,1.929,14,46.63,0.4663
CC5,Catherine Creek,provisional_positional,Steelhead,Migration,0.06,0.74,0.63,1.929,14,46.63,0.4663
CC5,Catherine Creek,provisional_positional,Bull Trout,Spawning & Resident,0,0,0.37,1.929,14,46.63,0.4663
CC5,Catherine Creek,provisional_positional,Bull Trout,FMO,0.67,0.93,0.37,1.929,14,46.63,0.4663
CC6,Catherine Creek,provisional_positional,Chinook,Spawning,1,2.26,1.26,2.619,10,63.29,0.6329
CC6,Catherine Creek,provisional_positional,Chinook,Winter Rearing,1,0.9,1.26,2.619,10,63.29,0.6329
CC6,Catherine Creek,provisional_positional,Chinook,Summer Rearing,1,1.5,1.26,2.619,10,63.29,0.6329
CC6,Catherine Creek,provisional_positional,Chinook,Migration,0.15,0.83,1.26,2.619,10,63.29,0.6329
CC6,Catherine Creek,provisional_positional,Steelhead,Spawning,0.33,0.35,0.81,2.619,10,63.29,0.6329
CC6,Catherine Creek,provisional_positional,Steelhead,Winter Rearing,1,1.13,0.81,2.619,10,63.29,0.6329
CC6,Catherine Creek,provisional_positional,Steelhead,Summer Rearing,1,1.06,0.81,2.619,10,63.29,0.6329
CC6,Catherine Creek,provisional_positional,Steelhead,Migration,0.06,0.69,0.81,2.619,10,63.29,0.6329
CC6,Catherine Creek,provisional_positional,Bull Trout,Spawning & Resident,0,0,0.55,2.619,10,63.29,0.6329
CC6,Catherine Creek,provisional_positional,Bull Trout,FMO,1,1.38,0.55,2.619,10,63.29,0.6329
CC7,Catherine Creek,provisional_positional,Chinook,Spawning,1,2.26,1.19,4.138,1,100,1
CC7,Catherine Creek,provisional_positional,Chinook,Winter Rearing,1,0.9,1.19,4.138,1,100,1
CC7,Catherine Creek,provisional_positional,Chinook,Summer Rearing,1,1.5,1.19,4.138,1,100,1
CC7,Catherine Creek,provisional_positional,Chinook,Migration,0.1,0.6,1.19,4.138,1,100,1
CC7,Catherine Creek,provisional_positional,Steelhead,Spawning,1,1.06,0.95,4.138,1,100,1
CC7,Catherine Creek,provisional_positional,Steelhead,Winter Rearing,1,1.13,0.95,4.138,1,100,1
CC7,Catherine Creek,provisional_positional,Steelhead,Summer Rearing,1,1.06,0.95,4.138,1,100,1
CC7,Catherine Creek,provisional_positional,Steelhead,Migration,0.05,0.56,0.95,4.138,1,100,1
CC7,Catherine Creek,provisional_positional,Bull Trout,Spawning & Resident,0.67,2.41,2,4.138,1,100,1
CC7,Catherine Creek,provisional_positional,Bull Trout,FMO,1,1.38,2,4.138,1,100,1
CC8,Catherine Creek,provisional_positional,Chinook,Spawning,0,0,0.27,0.925,25,22.35,0.2235
CC8,Catherine Creek,provisional_positional,Chinook,Winter Rearing,0.33,0.3,0.27,0.925,25,22.35,0.2235
CC8,Catherine Creek,provisional_positional,Chinook,Summer Rearing,0.33,0.5,0.27,0.925,25,22.35,0.2235
CC8,Catherine Creek,provisional_positional,Chinook,Migration,0.01,0.08,0.27,0.925,25,22.35,0.2235
CC8,Catherine Creek,provisional_positional,Steelhead,Spawning,1,1.06,0.66,0.925,25,22.35,0.2235
CC8,Catherine Creek,provisional_positional,Steelhead,Winter Rearing,0.67,0.75,0.66,0.925,25,22.35,0.2235
CC8,Catherine Creek,provisional_positional,Steelhead,Summer Rearing,0.67,0.71,0.66,0.925,25,22.35,0.2235
CC8,Catherine Creek,provisional_positional,Steelhead,Migration,0.01,0.11,0.66,0.925,25,22.35,0.2235
CC8,Catherine Creek,provisional_positional,Bull Trout,Spawning & Resident,0,0,0,0.925,25,22.35,0.2235
CC8,Catherine Creek,provisional_positional,Bull Trout,FMO,0,0,0,0.925,25,22.35,0.2235
CC9,Catherine Creek,provisional_positional,Chinook,Spawning,0.33,0.74,0.7,3.747,3,90.56,0.9056
CC9,Catherine Creek,provisional_positional,Chinook,Winter Rearing,0.67,0.6,0.7,3.747,3,90.56,0.9056
CC9,Catherine Creek,provisional_positional,Chinook,Summer Rearing,0.67,1.01,0.7,3.747,3,90.56,0.9056
CC9,Catherine Creek,provisional_positional,Chinook,Migration,0.07,0.38,0.7,3.747,3,90.56,0.9056
CC9,Catherine Creek,provisional_positional,Steelhead,Spawning,1,1.06,0.71,3.747,3,90.56,0.9056
CC9,Catherine Creek,provisional_positional,Steelhead,Winter Rearing,0.33,0.37,0.71,3.747,3,90.56,0.9056
CC9,Catherine Creek,provisional_positional,Steelhead,Summer Rearing,1,1.06,0.71,3.747,3,90.56,0.9056
CC9,Catherine Creek,provisional_positional,Steelhead,Migration,0.03,0.35,0.71,3.747,3,90.56,0.9056
CC9,Catherine Creek,provisional_positional,Bull Trout,Spawning & Resident,1,3.59,2.34,3.747,3,90.56,0.9056
CC9,Catherine Creek,provisional_positional,Bull Trout,FMO,0.33,0.46,2.34,3.747,3,90.56,0.9056
UGR1,Upper Grande Ronde,exact_identifier,Chinook,Spawning,1,2.36,1.12,3.766,2,91.01,0.9101
UGR1,Upper Grande Ronde,exact_identifier,Chinook,Winter Rearing,1,1.25,1.12,3.766,2,91.01,0.9101
UGR1,Upper Grande Ronde,exact_identifier,Chinook,Summer Rearing,1,1.54,1.12,3.766,2,91.01,0.9101
UGR1,Upper Grande Ronde,exact_identifier,Chinook,Migration,0.01,0.05,1.12,3.766,2,91.01,0.9101
UGR1,Upper Grande Ronde,exact_identifier,Steelhead,Spawning,1,1.03,0.72,3.766,2,91.01,0.9101
UGR1,Upper Grande Ronde,exact_identifier,Steelhead,Winter Rearing,0.67,0.58,0.72,3.766,2,91.01,0.9101
UGR1,Upper Grande Ronde,exact_identifier,Steelhead,Summer Rearing,1,1.05,0.72,3.766,2,91.01,0.9101
UGR1,Upper Grande Ronde,exact_identifier,Steelhead,Migration,0.06,0.2,0.72,3.766,2,91.01,0.9101
UGR1,Upper Grande Ronde,exact_identifier,Bull Trout,Spawning & Resident,1,2.22,1.93,3.766,2,91.01,0.9101
UGR1,Upper Grande Ronde,exact_identifier,Bull Trout,FMO,1,1.48,1.93,3.766,2,91.01,0.9101
UGR2,Upper Grande Ronde,exact_identifier,Chinook,Spawning,0,0,0,0.792,26,19.14,0.1914
UGR2,Upper Grande Ronde,exact_identifier,Chinook,Winter Rearing,0,0,0,0.792,26,19.14,0.1914
UGR2,Upper Grande Ronde,exact_identifier,Chinook,Summer Rearing,0,0,0,0.792,26,19.14,0.1914
UGR2,Upper Grande Ronde,exact_identifier,Chinook,Migration,0,0.01,0,0.792,26,19.14,0.1914
UGR2,Upper Grande Ronde,exact_identifier,Steelhead,Spawning,1,1.03,0.79,0.792,26,19.14,0.1914
UGR2,Upper Grande Ronde,exact_identifier,Steelhead,Winter Rearing,1,0.87,0.79,0.792,26,19.14,0.1914
UGR2,Upper Grande Ronde,exact_identifier,Steelhead,Summer Rearing,1,1.05,0.79,0.792,26,19.14,0.1914
UGR2,Upper Grande Ronde,exact_identifier,Steelhead,Migration,0.07,0.22,0.79,0.792,26,19.14,0.1914
UGR2,Upper Grande Ronde,exact_identifier,Bull Trout,Spawning & Resident,0,0,0,0.792,26,19.14,0.1914
UGR2,Upper Grande Ronde,exact_identifier,Bull Trout,FMO,0,0,0,0.792,26,19.14,0.1914
UGR3,Upper Grande Ronde,exact_identifier,Chinook,Spawning,0,0,1.08,2.695,8,65.14,0.6514
UGR3,Upper Grande Ronde,exact_identifier,Chinook,Winter Rearing,0,0,1.08,2.695,8,65.14,0.6514
UGR3,Upper Grande Ronde,exact_identifier,Chinook,Summer Rearing,0,0,1.08,2.695,8,65.14,0.6514
UGR3,Upper Grande Ronde,exact_identifier,Chinook,Migration,1,3.56,1.08,2.695,8,65.14,0.6514
UGR3,Upper Grande Ronde,exact_identifier,Steelhead,Spawning,0.33,0.34,1.02,2.695,8,65.14,0.6514
UGR3,Upper Grande Ronde,exact_identifier,Steelhead,Winter Rearing,0.67,0.58,1.02,2.695,8,65.14,0.6514
UGR3,Upper Grande Ronde,exact_identifier,Steelhead,Summer Rearing,0,0,1.02,2.695,8,65.14,0.6514
UGR3,Upper Grande Ronde,exact_identifier,Steelhead,Migration,1,3.17,1.02,2.695,8,65.14,0.6514
UGR3,Upper Grande Ronde,exact_identifier,Bull Trout,Spawning & Resident,0,0,0.59,2.695,8,65.14,0.6514
UGR3,Upper Grande Ronde,exact_identifier,Bull Trout,FMO,1,1.48,0.59,2.695,8,65.14,0.6514
UGR4,Upper Grande Ronde,exact_identifier,Chinook,Spawning,0,0,0,0.775,27,18.73,0.1873
UGR4,Upper Grande Ronde,exact_identifier,Chinook,Winter Rearing,0,0,0,0.775,27,18.73,0.1873
UGR4,Upper Grande Ronde,exact_identifier,Chinook,Summer Rearing,0,0,0,0.775,27,18.73,0.1873
UGR4,Upper Grande Ronde,exact_identifier,Chinook,Migration,0,0,0,0.775,27,18.73,0.1873
UGR4,Upper Grande Ronde,exact_identifier,Steelhead,Spawning,1,1.03,0.77,0.775,27,18.73,0.1873
UGR4,Upper Grande Ronde,exact_identifier,Steelhead,Winter Rearing,1,0.87,0.77,0.775,27,18.73,0.1873
UGR4,Upper Grande Ronde,exact_identifier,Steelhead,Summer Rearing,1,1.05,0.77,0.775,27,18.73,0.1873
UGR4,Upper Grande Ronde,exact_identifier,Steelhead,Migration,0.05,0.15,0.77,0.775,27,18.73,0.1873
UGR4,Upper Grande Ronde,exact_identifier,Bull Trout,Spawning & Resident,0,0,0,0.775,27,18.73,0.1873
UGR4,Upper Grande Ronde,exact_identifier,Bull Trout,FMO,0,0,0,0.775,27,18.73,0.1873
UGR5,Upper Grande Ronde,exact_identifier,Chinook,Spawning,0,0,1.16,2.169,13,52.42,0.5242
UGR5,Upper Grande Ronde,exact_identifier,Chinook,Winter Rearing,0.67,0.84,1.16,2.169,13,52.42,0.5242
UGR5,Upper Grande Ronde,exact_identifier,Chinook,Summer Rearing,0,0,1.16,2.169,13,52.42,0.5242
UGR5,Upper Grande Ronde,exact_identifier,Chinook,Migration,0.91,3.23,1.16,2.169,13,52.42,0.5242
UGR5,Upper Grande Ronde,exact_identifier,Steelhead,Spawning,0,0,0.82,2.169,13,52.42,0.5242
UGR5,Upper Grande Ronde,exact_identifier,Steelhead,Winter Rearing,0.67,0.58,0.82,2.169,13,52.42,0.5242
UGR5,Upper Grande Ronde,exact_identifier,Steelhead,Summer Rearing,0,0,0.82,2.169,13,52.42,0.5242
UGR5,Upper Grande Ronde,exact_identifier,Steelhead,Migration,0.85,2.68,0.82,2.169,13,52.42,0.5242
UGR5,Upper Grande Ronde,exact_identifier,Bull Trout,Spawning & Resident,0,0,0.2,2.169,13,52.42,0.5242
UGR5,Upper Grande Ronde,exact_identifier,Bull Trout,FMO,0.33,0.49,0.2,2.169,13,52.42,0.5242
UGR6,Upper Grande Ronde,exact_identifier,Chinook,Spawning,0.33,0.78,0.62,3.162,6,76.43,0.7643
UGR6,Upper Grande Ronde,exact_identifier,Chinook,Winter Rearing,0.33,0.41,0.62,3.162,6,76.43,0.7643
UGR6,Upper Grande Ronde,exact_identifier,Chinook,Summer Rearing,0.67,1.03,0.62,3.162,6,76.43,0.7643
UGR6,Upper Grande Ronde,exact_identifier,Chinook,Migration,0.06,0.2,0.62,3.162,6,76.43,0.7643
UGR6,Upper Grande Ronde,exact_identifier,Steelhead,Spawning,1,1.03,0.82,3.162,6,76.43,0.7643
UGR6,Upper Grande Ronde,exact_identifier,Steelhead,Winter Rearing,1,0.87,0.82,3.162,6,76.43,0.7643
UGR6,Upper Grande Ronde,exact_identifier,Steelhead,Summer Rearing,1,1.05,0.82,3.162,6,76.43,0.7643
UGR6,Upper Grande Ronde,exact_identifier,Steelhead,Migration,0.1,0.32,0.82,3.162,6,76.43,0.7643
UGR6,Upper Grande Ronde,exact_identifier,Bull Trout,Spawning & Resident,1,2.22,1.73,3.162,6,76.43,0.7643
UGR6,Upper Grande Ronde,exact_identifier,Bull Trout,FMO,0.67,0.99,1.73,3.162,6,76.43,0.7643
UGR7,Upper Grande Ronde,exact_identifier,Chinook,Spawning,0,0,0.65,1.396,17,33.75,0.3375
UGR7,Upper Grande Ronde,exact_identifier,Chinook,Winter Rearing,0.67,0.84,0.65,1.396,17,33.75,0.3375
UGR7,Upper Grande Ronde,exact_identifier,Chinook,Summer Rearing,0,0,0.65,1.396,17,33.75,0.3375
UGR7,Upper Grande Ronde,exact_identifier,Chinook,Migration,0.44,1.56,0.65,1.396,17,33.75,0.3375
UGR7,Upper Grande Ronde,exact_identifier,Steelhead,Spawning,0,0,0.55,1.396,17,33.75,0.3375
UGR7,Upper Grande Ronde,exact_identifier,Steelhead,Winter Rearing,0.67,0.58,0.55,1.396,17,33.75,0.3375
UGR7,Upper Grande Ronde,exact_identifier,Steelhead,Summer Rearing,0,0,0.55,1.396,17,33.75,0.3375
UGR7,Upper Grande Ronde,exact_identifier,Steelhead,Migration,0.51,1.62,0.55,1.396,17,33.75,0.3375
UGR7,Upper Grande Ronde,exact_identifier,Bull Trout,Spawning & Resident,0,0,0.2,1.396,17,33.75,0.3375
UGR7,Upper Grande Ronde,exact_identifier,Bull Trout,FMO,0.33,0.49,0.2,1.396,17,33.75,0.3375
UGR8,Upper Grande Ronde,exact_identifier,Chinook,Spawning,0,0,0.02,0.018,29,0.44,0.0044
UGR8,Upper Grande Ronde,exact_identifier,Chinook,Winter Rearing,0,0,0.02,0.018,29,0.44,0.0044
UGR8,Upper Grande Ronde,exact_identifier,Chinook,Summer Rearing,0,0,0.02,0.018,29,0.44,0.0044
UGR8,Upper Grande Ronde,exact_identifier,Chinook,Migration,0.02,0.06,0.02,0.018,29,0.44,0.0044
UGR8,Upper Grande Ronde,exact_identifier,Steelhead,Spawning,0,0,0,0.018,29,0.44,0.0044
UGR8,Upper Grande Ronde,exact_identifier,Steelhead,Winter Rearing,0,0,0,0.018,29,0.44,0.0044
UGR8,Upper Grande Ronde,exact_identifier,Steelhead,Summer Rearing,0,0,0,0.018,29,0.44,0.0044
UGR8,Upper Grande Ronde,exact_identifier,Steelhead,Migration,0,0,0,0.018,29,0.44,0.0044
UGR8,Upper Grande Ronde,exact_identifier,Bull Trout,Spawning & Resident,0,0,0,0.018,29,0.44,0.0044
UGR8,Upper Grande Ronde,exact_identifier,Bull Trout,FMO,0,0,0,0.018,29,0.44,0.0044
UGR9,Upper Grande Ronde,exact_identifier,Chinook,Spawning,0,0,0.59,1.317,19,31.84,0.3184
UGR9,Upper Grande Ronde,exact_identifier,Chinook,Winter Rearing,0.67,0.84,0.59,1.317,19,31.84,0.3184
UGR9,Upper Grande Ronde,exact_identifier,Chinook,Summer Rearing,0,0,0.59,1.317,19,31.84,0.3184
UGR9,Upper Grande Ronde,exact_identifier,Chinook,Migration,0.38,1.35,0.59,1.317,19,31.84,0.3184
UGR9,Upper Grande Ronde,exact_identifier,Steelhead,Spawning,0,0,0.53,1.317,19,31.84,0.3184
UGR9,Upper Grande Ronde,exact_identifier,Steelhead,Winter Rearing,0.67,0.58,0.53,1.317,19,31.84,0.3184
UGR9,Upper Grande Ronde,exact_identifier,Steelhead,Summer Rearing,0,0,0.53,1.317,19,31.84,0.3184
UGR9,Upper Grande Ronde,exact_identifier,Steelhead,Migration,0.49,1.55,0.53,1.317,19,31.84,0.3184
UGR9,Upper Grande Ronde,exact_identifier,Bull Trout,Spawning & Resident,0,0,0.2,1.317,19,31.84,0.3184
UGR9,Upper Grande Ronde,exact_identifier,Bull Trout,FMO,0.33,0.49,0.2,1.317,19,31.84,0.3184
UGR10,Upper Grande Ronde,exact_identifier,Chinook,Spawning,0,0,0.27,1.051,22,25.41,0.2541
UGR10,Upper Grande Ronde,exact_identifier,Chinook,Winter Rearing,0.33,0.41,0.27,1.051,22,25.41,0.2541
UGR10,Upper Grande Ronde,exact_identifier,Chinook,Summer Rearing,0.33,0.51,0.27,1.051,22,25.41,0.2541
UGR10,Upper Grande Ronde,exact_identifier,Chinook,Migration,0,0,0.27,1.051,22,25.41,0.2541
UGR10,Upper Grande Ronde,exact_identifier,Steelhead,Spawning,1,1.03,0.78,1.051,22,25.41,0.2541
UGR10,Upper Grande Ronde,exact_identifier,Steelhead,Winter Rearing,1,0.87,0.78,1.051,22,25.41,0.2541
UGR10,Upper Grande Ronde,exact_identifier,Steelhead,Summer Rearing,1,1.05,0.78,1.051,22,25.41,0.2541
UGR10,Upper Grande Ronde,exact_identifier,Steelhead,Migration,0.05,0.17,0.78,1.051,22,25.41,0.2541
UGR10,Upper Grande Ronde,exact_identifier,Bull Trout,Spawning & Resident,0,0,0,1.051,22,25.41,0.2541
UGR10,Upper Grande Ronde,exact_identifier,Bull Trout,FMO,0,0,0,1.051,22,25.41,0.2541
UGR11,Upper Grande Ronde,exact_identifier,Chinook,Spawning,0,0,0.83,1.864,15,45.04,0.4504
UGR11,Upper Grande Ronde,exact_identifier,Chinook,Winter Rearing,1,1.25,0.83,1.864,15,45.04,0.4504
UGR11,Upper Grande Ronde,exact_identifier,Chinook,Summer Rearing,0.33,0.51,0.83,1.864,15,45.04,0.4504
UGR11,Upper Grande Ronde,exact_identifier,Chinook,Migration,0.35,1.24,0.83,1.864,15,45.04,0.4504
UGR11,Upper Grande Ronde,exact_identifier,Steelhead,Spawning,0.33,0.34,0.64,1.864,15,45.04,0.4504
UGR11,Upper Grande Ronde,exact_identifier,Steelhead,Winter Rearing,1,0.87,0.64,1.864,15,45.04,0.4504
UGR11,Upper Grande Ronde,exact_identifier,Steelhead,Summer Rearing,0,0,0.64,1.864,15,45.04,0.4504
UGR11,Upper Grande Ronde,exact_identifier,Steelhead,Migration,0.43,1.36,0.64,1.864,15,45.04,0.4504
UGR11,Upper Grande Ronde,exact_identifier,Bull Trout,Spawning & Resident,0,0,0.4,1.864,15,45.04,0.4504
UGR11,Upper Grande Ronde,exact_identifier,Bull Trout,FMO,0.67,0.99,0.4,1.864,15,45.04,0.4504
UGR12,Upper Grande Ronde,exact_identifier,Chinook,Spawning,0,0,0.27,0.944,24,22.81,0.2281
UGR12,Upper Grande Ronde,exact_identifier,Chinook,Winter Rearing,0.33,0.41,0.27,0.944,24,22.81,0.2281
UGR12,Upper Grande Ronde,exact_identifier,Chinook,Summer Rearing,0.33,0.51,0.27,0.944,24,22.81,0.2281
UGR12,Upper Grande Ronde,exact_identifier,Chinook,Migration,0,0.01,0.27,0.944,24,22.81,0.2281
UGR12,Upper Grande Ronde,exact_identifier,Steelhead,Spawning,1,1.03,0.67,0.944,24,22.81,0.2281
UGR12,Upper Grande Ronde,exact_identifier,Steelhead,Winter Rearing,0.33,0.29,0.67,0.944,24,22.81,0.2281
UGR12,Upper Grande Ronde,exact_identifier,Steelhead,Summer Rearing,1,1.05,0.67,0.944,24,22.81,0.2281
UGR12,Upper Grande Ronde,exact_identifier,Steelhead,Migration,0.1,0.32,0.67,0.944,24,22.81,0.2281
UGR12,Upper Grande Ronde,exact_identifier,Bull Trout,Spawning & Resident,0,0,0,0.944,24,22.81,0.2281
UGR12,Upper Grande Ronde,exact_identifier,Bull Trout,FMO,0,0,0,0.944,24,22.81,0.2281
UGR13,Upper Grande Ronde,exact_identifier,Chinook,Spawning,0,0,0.33,1.171,20,28.31,0.2831
UGR13,Upper Grande Ronde,exact_identifier,Chinook,Winter Rearing,0.33,0.41,0.33,1.171,20,28.31,0.2831
UGR13,Upper Grande Ronde,exact_identifier,Chinook,Summer Rearing,0.33,0.51,0.33,1.171,20,28.31,0.2831
UGR13,Upper Grande Ronde,exact_identifier,Chinook,Migration,0.05,0.19,0.33,1.171,20,28.31,0.2831
UGR13,Upper Grande Ronde,exact_identifier,Steelhead,Spawning,1,1.03,0.84,1.171,20,28.31,0.2831
UGR13,Upper Grande Ronde,exact_identifier,Steelhead,Winter Rearing,1,0.87,0.84,1.171,20,28.31,0.2831
UGR13,Upper Grande Ronde,exact_identifier,Steelhead,Summer Rearing,1,1.05,0.84,1.171,20,28.31,0.2831
UGR13,Upper Grande Ronde,exact_identifier,Steelhead,Migration,0.13,0.43,0.84,1.171,20,28.31,0.2831
UGR13,Upper Grande Ronde,exact_identifier,Bull Trout,Spawning & Resident,0,0,0,1.171,20,28.31,0.2831
UGR13,Upper Grande Ronde,exact_identifier,Bull Trout,FMO,0,0,0,1.171,20,28.31,0.2831
UGR14,Upper Grande Ronde,exact_identifier,Chinook,Spawning,0.33,0.78,0.56,2.982,7,72.06,0.7206
UGR14,Upper Grande Ronde,exact_identifier,Chinook,Winter Rearing,0.33,0.41,0.56,2.982,7,72.06,0.7206
UGR14,Upper Grande Ronde,exact_identifier,Chinook,Summer Rearing,0.67,1.03,0.56,2.982,7,72.06,0.7206
UGR14,Upper Grande Ronde,exact_identifier,Chinook,Migration,0,0.01,0.56,2.982,7,72.06,0.7206
UGR14,Upper Grande Ronde,exact_identifier,Steelhead,Spawning,1,1.03,0.69,2.982,7,72.06,0.7206
UGR14,Upper Grande Ronde,exact_identifier,Steelhead,Winter Rearing,0.67,0.58,0.69,2.982,7,72.06,0.7206
UGR14,Upper Grande Ronde,exact_identifier,Steelhead,Summer Rearing,1,1.05,0.69,2.982,7,72.06,0.7206
UGR14,Upper Grande Ronde,exact_identifier,Steelhead,Migration,0.04,0.11,0.69,2.982,7,72.06,0.7206
UGR14,Upper Grande Ronde,exact_identifier,Bull Trout,Spawning & Resident,1,2.22,1.73,2.982,7,72.06,0.7206
UGR14,Upper Grande Ronde,exact_identifier,Bull Trout,FMO,0.67,0.99,1.73,2.982,7,72.06,0.7206
UGR15,Upper Grande Ronde,exact_identifier,Chinook,Spawning,1,2.36,1.35,2.535,11,61.26,0.6126
UGR15,Upper Grande Ronde,exact_identifier,Chinook,Winter Rearing,1,1.25,1.35,2.535,11,61.26,0.6126
UGR15,Upper Grande Ronde,exact_identifier,Chinook,Summer Rearing,1,1.54,1.35,2.535,11,61.26,0.6126
UGR15,Upper Grande Ronde,exact_identifier,Chinook,Migration,0.23,0.8,1.35,2.535,11,61.26,0.6126
UGR15,Upper Grande Ronde,exact_identifier,Steelhead,Spawning,0.33,0.34,0.59,2.535,11,61.26,0.6126
UGR15,Upper Grande Ronde,exact_identifier,Steelhead,Winter Rearing,1,0.87,0.59,2.535,11,61.26,0.6126
UGR15,Upper Grande Ronde,exact_identifier,Steelhead,Summer Rearing,0.67,0.7,0.59,2.535,11,61.26,0.6126
UGR15,Upper Grande Ronde,exact_identifier,Steelhead,Migration,0.14,0.44,0.59,2.535,11,61.26,0.6126
UGR15,Upper Grande Ronde,exact_identifier,Bull Trout,Spawning & Resident,0,0,0.59,2.535,11,61.26,0.6126
UGR15,Upper Grande Ronde,exact_identifier,Bull Trout,FMO,1,1.48,0.59,2.535,11,61.26,0.6126
UGR16,Upper Grande Ronde,exact_identifier,Chinook,Spawning,0.33,0.78,0.66,1.353,18,32.7,0.327
UGR16,Upper Grande Ronde,exact_identifier,Chinook,Winter Rearing,0.67,0.84,0.66,1.353,18,32.7,0.327
UGR16,Upper Grande Ronde,exact_identifier,Chinook,Summer Rearing,0.67,1.03,0.66,1.353,18,32.7,0.327
UGR16,Upper Grande Ronde,exact_identifier,Chinook,Migration,0.01,0.03,0.66,1.353,18,32.7,0.327
UGR16,Upper Grande Ronde,exact_identifier,Steelhead,Spawning,1,1.03,0.7,1.353,18,32.7,0.327
UGR16,Upper Grande Ronde,exact_identifier,Steelhead,Winter Rearing,0.67,0.58,0.7,1.353,18,32.7,0.327
UGR16,Upper Grande Ronde,exact_identifier,Steelhead,Summer Rearing,1,1.05,0.7,1.353,18,32.7,0.327
UGR16,Upper Grande Ronde,exact_identifier,Steelhead,Migration,0.04,0.13,0.7,1.353,18,32.7,0.327
UGR16,Upper Grande Ronde,exact_identifier,Bull Trout,Spawning & Resident,0,0,0,1.353,18,32.7,0.327
UGR16,Upper Grande Ronde,exact_identifier,Bull Trout,FMO,0,0,0,1.353,18,32.7,0.327
UGR17,Upper Grande Ronde,exact_identifier,Chinook,Spawning,1,2.36,1.28,2.499,12,60.39,0.6039
UGR17,Upper Grande Ronde,exact_identifier,Chinook,Winter Rearing,1,1.25,1.28,2.499,12,60.39,0.6039
UGR17,Upper Grande Ronde,exact_identifier,Chinook,Summer Rearing,1,1.54,1.28,2.499,12,60.39,0.6039
UGR17,Upper Grande Ronde,exact_identifier,Chinook,Migration,0.16,0.56,1.28,2.499,12,60.39,0.6039
UGR17,Upper Grande Ronde,exact_identifier,Steelhead,Spawning,0.67,0.69,0.63,2.499,12,60.39,0.6039
UGR17,Upper Grande Ronde,exact_identifier,Steelhead,Winter Rearing,1,0.87,0.63,2.499,12,60.39,0.6039
UGR17,Upper Grande Ronde,exact_identifier,Steelhead,Summer Rearing,0.67,0.7,0.63,2.499,12,60.39,0.6039
UGR17,Upper Grande Ronde,exact_identifier,Steelhead,Migration,0.08,0.25,0.63,2.499,12,60.39,0.6039
UGR17,Upper Grande Ronde,exact_identifier,Bull Trout,Spawning & Resident,0,0,0.59,2.499,12,60.39,0.6039
UGR17,Upper Grande Ronde,exact_identifier,Bull Trout,FMO,1,1.48,0.59,2.499,12,60.39,0.6039
UGR18,Upper Grande Ronde,exact_identifier,Chinook,Spawning,0.33,0.78,0.66,2.694,9,65.11,0.6511
UGR18,Upper Grande Ronde,exact_identifier,Chinook,Winter Rearing,0.67,0.84,0.66,2.694,9,65.11,0.6511
UGR18,Upper Grande Ronde,exact_identifier,Chinook,Summer Rearing,0.67,1.03,0.66,2.694,9,65.11,0.6511
UGR18,Upper Grande Ronde,exact_identifier,Chinook,Migration,0.02,0.06,0.66,2.694,9,65.11,0.6511
UGR18,Upper Grande Ronde,exact_identifier,Steelhead,Spawning,0.67,0.69,0.5,2.694,9,65.11,0.6511
UGR18,Upper Grande Ronde,exact_identifier,Steelhead,Winter Rearing,0.67,0.58,0.5,2.694,9,65.11,0.6511
UGR18,Upper Grande Ronde,exact_identifier,Steelhead,Summer Rearing,0.67,0.7,0.5,2.694,9,65.11,0.6511
UGR18,Upper Grande Ronde,exact_identifier,Steelhead,Migration,0.01,0.03,0.5,2.694,9,65.11,0.6511
UGR18,Upper Grande Ronde,exact_identifier,Bull Trout,Spawning & Resident,1,2.22,1.53,2.694,9,65.11,0.6511
UGR18,Upper Grande Ronde,exact_identifier,Bull Trout,FMO,0.33,0.49,1.53,2.694,9,65.11,0.6511
UGR19,Upper Grande Ronde,exact_identifier,Chinook,Spawning,0.33,0.78,0.72,3.218,5,77.78,0.7778
UGR19,Upper Grande Ronde,exact_identifier,Chinook,Winter Rearing,0.67,0.84,0.72,3.218,5,77.78,0.7778
UGR19,Upper Grande Ronde,exact_identifier,Chinook,Summer Rearing,0.67,1.03,0.72,3.218,5,77.78,0.7778
UGR19,Upper Grande Ronde,exact_identifier,Chinook,Migration,0.07,0.24,0.72,3.218,5,77.78,0.7778
UGR19,Upper Grande Ronde,exact_identifier,Steelhead,Spawning,1,1.03,0.77,3.218,5,77.78,0.7778
UGR19,Upper Grande Ronde,exact_identifier,Steelhead,Winter Rearing,1,0.87,0.77,3.218,5,77.78,0.7778
UGR19,Upper Grande Ronde,exact_identifier,Steelhead,Summer Rearing,1,1.05,0.77,3.218,5,77.78,0.7778
UGR19,Upper Grande Ronde,exact_identifier,Steelhead,Migration,0.04,0.13,0.77,3.218,5,77.78,0.7778
UGR19,Upper Grande Ronde,exact_identifier,Bull Trout,Spawning & Resident,1,2.22,1.73,3.218,5,77.78,0.7778
UGR19,Upper Grande Ronde,exact_identifier,Bull Trout,FMO,0.67,0.99,1.73,3.218,5,77.78,0.7778
UGR20,Upper Grande Ronde,exact_identifier,Chinook,Spawning,1,2.36,1.16,3.598,4,86.97,0.8697
UGR20,Upper Grande Ronde,exact_identifier,Chinook,Winter Rearing,1,1.25,1.16,3.598,4,86.97,0.8697
UGR20,Upper Grande Ronde,exact_identifier,Chinook,Summer Rearing,1,1.54,1.16,3.598,4,86.97,0.8697
UGR20,Upper Grande Ronde,exact_identifier,Chinook,Migration,0.05,0.17,1.16,3.598,4,86.97,0.8697
UGR20,Upper Grande Ronde,exact_identifier,Steelhead,Spawning,0.67,0.69,0.51,3.598,4,86.97,0.8697
UGR20,Upper Grande Ronde,exact_identifier,Steelhead,Winter Rearing,0.67,0.58,0.51,3.598,4,86.97,0.8697
UGR20,Upper Grande Ronde,exact_identifier,Steelhead,Summer Rearing,0.67,0.7,0.51,3.598,4,86.97,0.8697
UGR20,Upper Grande Ronde,exact_identifier,Steelhead,Migration,0.02,0.07,0.51,3.598,4,86.97,0.8697
UGR20,Upper Grande Ronde,exact_identifier,Bull Trout,Spawning & Resident,1,2.22,1.93,3.598,4,86.97,0.8697
UGR20,Upper Grande Ronde,exact_identifier,Bull Trout,FMO,1,1.48,1.93,3.598,4,86.97,0.8697
