action_id,action_type,action_definition,source_action_label,limiting_factor,limiting_factor_occurrence,directness_code,directness_rating,directness_value,frequency_code,frequency_rating,frequency_value,lfat_score,source_sheet,source_row,source_directness_cell,source_frequency_cell,source_score_cell,source_notes_cell
1,Protect Land (Easement and Acquisition),Protect land and water with positive habitat value through conservation easements or title acquisition. Does not include water acquisition or leases.,Protect Land,Anthropogenic Barriers,1,I,Indirect Benefit,0.5,CD,Context-Dependant Benefit,0.5,0.25,1 - Protect,5,1 - Protect!B5,1 - Protect!C5,1 - Protect!D5,1 - Protect!E5
1,Protect Land (Easement and Acquisition),Protect land and water with positive habitat value through conservation easements or title acquisition. Does not include water acquisition or leases.,Protect Land,Riparian Condition,1,I,Indirect Benefit,0.5,C,Common Benefit,1,0.5,1 - Protect,6,1 - Protect!B6,1 - Protect!C6,1 - Protect!D6,1 - Protect!E6
1,Protect Land (Easement and Acquisition),Protect land and water with positive habitat value through conservation easements or title acquisition. Does not include water acquisition or leases.,Protect Land,Floodplain Condition,1,I,Indirect Benefit,0.5,CD,Context-Dependant Benefit,0.5,0.25,1 - Protect,7,1 - Protect!B7,1 - Protect!C7,1 - Protect!D7,1 - Protect!E7
1,Protect Land (Easement and Acquisition),Protect land and water with positive habitat value through conservation easements or title acquisition. Does not include water acquisition or leases.,Protect Land,Side Channel and Wetland Habitat,1,I,Indirect Benefit,0.5,CD,Context-Dependant Benefit,0.5,0.25,1 - Protect,8,1 - Protect!B8,1 - Protect!C8,1 - Protect!D8,1 - Protect!E8
1,Protect Land (Easement and Acquisition),Protect land and water with positive habitat value through conservation easements or title acquisition. Does not include water acquisition or leases.,Protect Land,Channel and Habitat Structure,1,I,Indirect Benefit,0.5,CD,Context-Dependant Benefit,0.5,0.25,1 - Protect,9,1 - Protect!B9,1 - Protect!C9,1 - Protect!D9,1 - Protect!E9
1,Protect Land (Easement and Acquisition),Protect land and water with positive habitat value through conservation easements or title acquisition. Does not include water acquisition or leases.,Protect Land,Decreased Water Quantity,1,I,Indirect Benefit,0.5,CD,Context-Dependant Benefit,0.5,0.25,1 - Protect,10,1 - Protect!B10,1 - Protect!C10,1 - Protect!D10,1 - Protect!E10
1,Protect Land (Easement and Acquisition),Protect land and water with positive habitat value through conservation easements or title acquisition. Does not include water acquisition or leases.,Protect Land,Altered Flow Timing,1,I,Indirect Benefit,0.5,CD,Context-Dependant Benefit,0.5,0.25,1 - Protect,11,1 - Protect!B11,1 - Protect!C11,1 - Protect!D11,1 - Protect!E11
1,Protect Land (Easement and Acquisition),Protect land and water with positive habitat value through conservation easements or title acquisition. Does not include water acquisition or leases.,Protect Land,Decreased Sediment Quantity,1,I,Indirect Benefit,0.5,CD,Context-Dependant Benefit,0.5,0.25,1 - Protect,12,1 - Protect!B12,1 - Protect!C12,1 - Protect!D12,1 - Protect!E12
1,Protect Land (Easement and Acquisition),Protect land and water with positive habitat value through conservation easements or title acquisition. Does not include water acquisition or leases.,Protect Land,Increased Sediment Quantity,1,I,Indirect Benefit,0.5,CD,Context-Dependant Benefit,0.5,0.25,1 - Protect,13,1 - Protect!B13,1 - Protect!C13,1 - Protect!D13,1 - Protect!E13
1,Protect Land (Easement and Acquisition),Protect land and water with positive habitat value through conservation easements or title acquisition. Does not include water acquisition or leases.,Protect Land,Summer Water Temperature,1,I,Indirect Benefit,0.5,R,Rare Benefit,0.1,0.05,1 - Protect,14,1 - Protect!B14,1 - Protect!C14,1 - Protect!D14,1 - Protect!E14
1,Protect Land (Easement and Acquisition),Protect land and water with positive habitat value through conservation easements or title acquisition. Does not include water acquisition or leases.,Protect Land,Winter Water Temperature,1,I,Indirect Benefit,0.5,R,Rare Benefit,0.1,0.05,1 - Protect,15,1 - Protect!B15,1 - Protect!C15,1 - Protect!D15,1 - Protect!E15
1,Protect Land (Easement and Acquisition),Protect land and water with positive habitat value through conservation easements or title acquisition. Does not include water acquisition or leases.,Protect Land,Water Quality,1,I,Indirect Benefit,0.5,CD,Context-Dependant Benefit,0.5,0.25,1 - Protect,16,1 - Protect!B16,1 - Protect!C16,1 - Protect!D16,1 - Protect!E16
1,Protect Land (Easement and Acquisition),Protect land and water with positive habitat value through conservation easements or title acquisition. Does not include water acquisition or leases.,Protect Land,Predation,1,I,Indirect Benefit,0.5,R,Rare Benefit,0.1,0.05,1 - Protect,17,1 - Protect!B17,1 - Protect!C17,1 - Protect!D17,1 - Protect!E17
1,Protect Land (Easement and Acquisition),Protect land and water with positive habitat value through conservation easements or title acquisition. Does not include water acquisition or leases.,Protect Land,Altered Primary Productivity,1,I,Indirect Benefit,0.5,CD,Context-Dependant Benefit,0.5,0.25,1 - Protect,18,1 - Protect!B18,1 - Protect!C18,1 - Protect!D18,1 - Protect!E18
1,Protect Land (Easement and Acquisition),Protect land and water with positive habitat value through conservation easements or title acquisition. Does not include water acquisition or leases.,Protect Land,Non-Native Species Interactions and Competition,1,I,Indirect Benefit,0.5,R,Rare Benefit,0.1,0.05,1 - Protect,19,1 - Protect!B19,1 - Protect!C19,1 - Protect!D19,1 - Protect!E19
2,Instream Complexity Improvement,"Improve the complexity of the river below the ordinary high-water mark or bankfull stage. Action types may include placing large wood or boulders, gravel augmentation, riffle construction, pool construction, or channel reconstruction including channel remeandering and realignment, and developing new channels.",Instream Complexity Improvement,Anthropogenic Barriers,1,N,Negligible,0.1,R,Rare Benefit,0.1,0.01,2 - Inst. Complexity,5,2 - Inst. Complexity!B5,2 - Inst. Complexity!C5,2 - Inst. Complexity!D5,2 - Inst. Complexity!E5
2,Instream Complexity Improvement,"Improve the complexity of the river below the ordinary high-water mark or bankfull stage. Action types may include placing large wood or boulders, gravel augmentation, riffle construction, pool construction, or channel reconstruction including channel remeandering and realignment, and developing new channels.",Instream Complexity Improvement,Riparian Condition,1,I,Indirect Benefit,0.5,CD,Context-Dependant Benefit,0.5,0.25,2 - Inst. Complexity,6,2 - Inst. Complexity!B6,2 - Inst. Complexity!C6,2 - Inst. Complexity!D6,2 - Inst. Complexity!E6
2,Instream Complexity Improvement,"Improve the complexity of the river below the ordinary high-water mark or bankfull stage. Action types may include placing large wood or boulders, gravel augmentation, riffle construction, pool construction, or channel reconstruction including channel remeandering and realignment, and developing new channels.",Instream Complexity Improvement,Floodplain Condition,1,I,Indirect Benefit,0.5,C,Common Benefit,1,0.5,2 - Inst. Complexity,7,2 - Inst. Complexity!B7,2 - Inst. Complexity!C7,2 - Inst. Complexity!D7,2 - Inst. Complexity!E7
2,Instream Complexity Improvement,"Improve the complexity of the river below the ordinary high-water mark or bankfull stage. Action types may include placing large wood or boulders, gravel augmentation, riffle construction, pool construction, or channel reconstruction including channel remeandering and realignment, and developing new channels.",Instream Complexity Improvement,Side Channel and Wetland Habitat,1,D,Direct Benefit,1,C,Common Benefit,1,1,2 - Inst. Complexity,8,2 - Inst. Complexity!B8,2 - Inst. Complexity!C8,2 - Inst. Complexity!D8,2 - Inst. Complexity!E8
2,Instream Complexity Improvement,"Improve the complexity of the river below the ordinary high-water mark or bankfull stage. Action types may include placing large wood or boulders, gravel augmentation, riffle construction, pool construction, or channel reconstruction including channel remeandering and realignment, and developing new channels.",Instream Complexity Improvement,Channel and Habitat Structure,1,D,Direct Benefit,1,C,Common Benefit,1,1,2 - Inst. Complexity,9,2 - Inst. Complexity!B9,2 - Inst. Complexity!C9,2 - Inst. Complexity!D9,2 - Inst. Complexity!E9
2,Instream Complexity Improvement,"Improve the complexity of the river below the ordinary high-water mark or bankfull stage. Action types may include placing large wood or boulders, gravel augmentation, riffle construction, pool construction, or channel reconstruction including channel remeandering and realignment, and developing new channels.",Instream Complexity Improvement,Decreased Water Quantity,1,N,Negligible,0.1,R,Rare Benefit,0.1,0.01,2 - Inst. Complexity,10,2 - Inst. Complexity!B10,2 - Inst. Complexity!C10,2 - Inst. Complexity!D10,2 - Inst. Complexity!E10
2,Instream Complexity Improvement,"Improve the complexity of the river below the ordinary high-water mark or bankfull stage. Action types may include placing large wood or boulders, gravel augmentation, riffle construction, pool construction, or channel reconstruction including channel remeandering and realignment, and developing new channels.",Instream Complexity Improvement,Altered Flow Timing,1,N,Negligible,0.1,CD,Context-Dependant Benefit,0.5,0.05,2 - Inst. Complexity,11,2 - Inst. Complexity!B11,2 - Inst. Complexity!C11,2 - Inst. Complexity!D11,2 - Inst. Complexity!E11
2,Instream Complexity Improvement,"Improve the complexity of the river below the ordinary high-water mark or bankfull stage. Action types may include placing large wood or boulders, gravel augmentation, riffle construction, pool construction, or channel reconstruction including channel remeandering and realignment, and developing new channels.",Instream Complexity Improvement,Decreased Sediment Quantity,1,I,Indirect Benefit,0.5,CD,Context-Dependant Benefit,0.5,0.25,2 - Inst. Complexity,12,2 - Inst. Complexity!B12,2 - Inst. Complexity!C12,2 - Inst. Complexity!D12,2 - Inst. Complexity!E12
2,Instream Complexity Improvement,"Improve the complexity of the river below the ordinary high-water mark or bankfull stage. Action types may include placing large wood or boulders, gravel augmentation, riffle construction, pool construction, or channel reconstruction including channel remeandering and realignment, and developing new channels.",Instream Complexity Improvement,Increased Sediment Quantity,1,I,Indirect Benefit,0.5,C,Common Benefit,1,0.5,2 - Inst. Complexity,13,2 - Inst. Complexity!B13,2 - Inst. Complexity!C13,2 - Inst. Complexity!D13,2 - Inst. Complexity!E13
2,Instream Complexity Improvement,"Improve the complexity of the river below the ordinary high-water mark or bankfull stage. Action types may include placing large wood or boulders, gravel augmentation, riffle construction, pool construction, or channel reconstruction including channel remeandering and realignment, and developing new channels.",Instream Complexity Improvement,Summer Water Temperature,1,I,Indirect Benefit,0.5,CD,Context-Dependant Benefit,0.5,0.25,2 - Inst. Complexity,14,2 - Inst. Complexity!B14,2 - Inst. Complexity!C14,2 - Inst. Complexity!D14,2 - Inst. Complexity!E14
2,Instream Complexity Improvement,"Improve the complexity of the river below the ordinary high-water mark or bankfull stage. Action types may include placing large wood or boulders, gravel augmentation, riffle construction, pool construction, or channel reconstruction including channel remeandering and realignment, and developing new channels.",Instream Complexity Improvement,Winter Water Temperature,1,I,Indirect Benefit,0.5,CD,Context-Dependant Benefit,0.5,0.25,2 - Inst. Complexity,15,2 - Inst. Complexity!B15,2 - Inst. Complexity!C15,2 - Inst. Complexity!D15,2 - Inst. Complexity!E15
2,Instream Complexity Improvement,"Improve the complexity of the river below the ordinary high-water mark or bankfull stage. Action types may include placing large wood or boulders, gravel augmentation, riffle construction, pool construction, or channel reconstruction including channel remeandering and realignment, and developing new channels.",Instream Complexity Improvement,Water Quality,1,N,Negligible,0.1,R,Rare Benefit,0.1,0.01,2 - Inst. Complexity,16,2 - Inst. Complexity!B16,2 - Inst. Complexity!C16,2 - Inst. Complexity!D16,2 - Inst. Complexity!E16
2,Instream Complexity Improvement,"Improve the complexity of the river below the ordinary high-water mark or bankfull stage. Action types may include placing large wood or boulders, gravel augmentation, riffle construction, pool construction, or channel reconstruction including channel remeandering and realignment, and developing new channels.",Instream Complexity Improvement,Predation,1,I,Indirect Benefit,0.5,CD,Context-Dependant Benefit,0.5,0.25,2 - Inst. Complexity,17,2 - Inst. Complexity!B17,2 - Inst. Complexity!C17,2 - Inst. Complexity!D17,2 - Inst. Complexity!E17
2,Instream Complexity Improvement,"Improve the complexity of the river below the ordinary high-water mark or bankfull stage. Action types may include placing large wood or boulders, gravel augmentation, riffle construction, pool construction, or channel reconstruction including channel remeandering and realignment, and developing new channels.",Instream Complexity Improvement,Altered Primary Productivity,1,N,Negligible,0.1,R,Rare Benefit,0.1,0.01,2 - Inst. Complexity,18,2 - Inst. Complexity!B18,2 - Inst. Complexity!C18,2 - Inst. Complexity!D18,2 - Inst. Complexity!E18
2,Instream Complexity Improvement,"Improve the complexity of the river below the ordinary high-water mark or bankfull stage. Action types may include placing large wood or boulders, gravel augmentation, riffle construction, pool construction, or channel reconstruction including channel remeandering and realignment, and developing new channels.",Instream Complexity Improvement,Non-Native Species Interactions and Competition,1,I,Indirect Benefit,0.5,CD,Context-Dependant Benefit,0.5,0.25,2 - Inst. Complexity,19,2 - Inst. Complexity!B19,2 - Inst. Complexity!C19,2 - Inst. Complexity!D19,2 - Inst. Complexity!E19
3,Floodplain – Reconnect and Restore,"Actions that add complexity or improve connectivity within the current floodplain, or expand the floodplain area. Actions that improve the current floodplain may include vegetation or topography modifications, wetland enhancement, and beaver restoration. Actions that expand the floodplain may include levee modification and infrastructure modification/removal or instream modification intended to encourage floodplain reconnection. Actions may also add complexity to the floodplain through wood and other habitat feature additions.",Floodplain Restoration,Anthropogenic Barriers,1,N,Negligible,0.1,R,Rare Benefit,0.1,0.01,3 - Floodplain,5,3 - Floodplain!B5,3 - Floodplain!C5,3 - Floodplain!D5,3 - Floodplain!E5
3,Floodplain – Reconnect and Restore,"Actions that add complexity or improve connectivity within the current floodplain, or expand the floodplain area. Actions that improve the current floodplain may include vegetation or topography modifications, wetland enhancement, and beaver restoration. Actions that expand the floodplain may include levee modification and infrastructure modification/removal or instream modification intended to encourage floodplain reconnection. Actions may also add complexity to the floodplain through wood and other habitat feature additions.",Floodplain Restoration,Riparian Condition,1,I,Indirect Benefit,0.5,C,Common Benefit,1,0.5,3 - Floodplain,6,3 - Floodplain!B6,3 - Floodplain!C6,3 - Floodplain!D6,3 - Floodplain!E6
3,Floodplain – Reconnect and Restore,"Actions that add complexity or improve connectivity within the current floodplain, or expand the floodplain area. Actions that improve the current floodplain may include vegetation or topography modifications, wetland enhancement, and beaver restoration. Actions that expand the floodplain may include levee modification and infrastructure modification/removal or instream modification intended to encourage floodplain reconnection. Actions may also add complexity to the floodplain through wood and other habitat feature additions.",Floodplain Restoration,Floodplain Condition,1,D,Direct Benefit,1,C,Common Benefit,1,1,3 - Floodplain,7,3 - Floodplain!B7,3 - Floodplain!C7,3 - Floodplain!D7,3 - Floodplain!E7
3,Floodplain – Reconnect and Restore,"Actions that add complexity or improve connectivity within the current floodplain, or expand the floodplain area. Actions that improve the current floodplain may include vegetation or topography modifications, wetland enhancement, and beaver restoration. Actions that expand the floodplain may include levee modification and infrastructure modification/removal or instream modification intended to encourage floodplain reconnection. Actions may also add complexity to the floodplain through wood and other habitat feature additions.",Floodplain Restoration,Side Channel and Wetland Habitat,1,D,Direct Benefit,1,C,Common Benefit,1,1,3 - Floodplain,8,3 - Floodplain!B8,3 - Floodplain!C8,3 - Floodplain!D8,3 - Floodplain!E8
3,Floodplain – Reconnect and Restore,"Actions that add complexity or improve connectivity within the current floodplain, or expand the floodplain area. Actions that improve the current floodplain may include vegetation or topography modifications, wetland enhancement, and beaver restoration. Actions that expand the floodplain may include levee modification and infrastructure modification/removal or instream modification intended to encourage floodplain reconnection. Actions may also add complexity to the floodplain through wood and other habitat feature additions.",Floodplain Restoration,Channel and Habitat Structure,1,I,Indirect Benefit,0.5,C,Common Benefit,1,0.5,3 - Floodplain,9,3 - Floodplain!B9,3 - Floodplain!C9,3 - Floodplain!D9,3 - Floodplain!E9
3,Floodplain – Reconnect and Restore,"Actions that add complexity or improve connectivity within the current floodplain, or expand the floodplain area. Actions that improve the current floodplain may include vegetation or topography modifications, wetland enhancement, and beaver restoration. Actions that expand the floodplain may include levee modification and infrastructure modification/removal or instream modification intended to encourage floodplain reconnection. Actions may also add complexity to the floodplain through wood and other habitat feature additions.",Floodplain Restoration,Decreased Water Quantity,1,I,Indirect Benefit,0.5,CD,Context-Dependant Benefit,0.5,0.25,3 - Floodplain,10,3 - Floodplain!B10,3 - Floodplain!C10,3 - Floodplain!D10,3 - Floodplain!E10
3,Floodplain – Reconnect and Restore,"Actions that add complexity or improve connectivity within the current floodplain, or expand the floodplain area. Actions that improve the current floodplain may include vegetation or topography modifications, wetland enhancement, and beaver restoration. Actions that expand the floodplain may include levee modification and infrastructure modification/removal or instream modification intended to encourage floodplain reconnection. Actions may also add complexity to the floodplain through wood and other habitat feature additions.",Floodplain Restoration,Altered Flow Timing,1,I,Indirect Benefit,0.5,CD,Context-Dependant Benefit,0.5,0.25,3 - Floodplain,11,3 - Floodplain!B11,3 - Floodplain!C11,3 - Floodplain!D11,3 - Floodplain!E11
3,Floodplain – Reconnect and Restore,"Actions that add complexity or improve connectivity within the current floodplain, or expand the floodplain area. Actions that improve the current floodplain may include vegetation or topography modifications, wetland enhancement, and beaver restoration. Actions that expand the floodplain may include levee modification and infrastructure modification/removal or instream modification intended to encourage floodplain reconnection. Actions may also add complexity to the floodplain through wood and other habitat feature additions.",Floodplain Restoration,Decreased Sediment Quantity,1,D,Direct Benefit,1,C,Common Benefit,1,1,3 - Floodplain,12,3 - Floodplain!B12,3 - Floodplain!C12,3 - Floodplain!D12,3 - Floodplain!E12
3,Floodplain – Reconnect and Restore,"Actions that add complexity or improve connectivity within the current floodplain, or expand the floodplain area. Actions that improve the current floodplain may include vegetation or topography modifications, wetland enhancement, and beaver restoration. Actions that expand the floodplain may include levee modification and infrastructure modification/removal or instream modification intended to encourage floodplain reconnection. Actions may also add complexity to the floodplain through wood and other habitat feature additions.",Floodplain Restoration,Increased Sediment Quantity,1,D,Direct Benefit,1,CD,Context-Dependant Benefit,0.5,0.5,3 - Floodplain,13,3 - Floodplain!B13,3 - Floodplain!C13,3 - Floodplain!D13,3 - Floodplain!E13
3,Floodplain – Reconnect and Restore,"Actions that add complexity or improve connectivity within the current floodplain, or expand the floodplain area. Actions that improve the current floodplain may include vegetation or topography modifications, wetland enhancement, and beaver restoration. Actions that expand the floodplain may include levee modification and infrastructure modification/removal or instream modification intended to encourage floodplain reconnection. Actions may also add complexity to the floodplain through wood and other habitat feature additions.",Floodplain Restoration,Summer Water Temperature,1,D,Direct Benefit,1,CD,Context-Dependant Benefit,0.5,0.5,3 - Floodplain,14,3 - Floodplain!B14,3 - Floodplain!C14,3 - Floodplain!D14,3 - Floodplain!E14
3,Floodplain – Reconnect and Restore,"Actions that add complexity or improve connectivity within the current floodplain, or expand the floodplain area. Actions that improve the current floodplain may include vegetation or topography modifications, wetland enhancement, and beaver restoration. Actions that expand the floodplain may include levee modification and infrastructure modification/removal or instream modification intended to encourage floodplain reconnection. Actions may also add complexity to the floodplain through wood and other habitat feature additions.",Floodplain Restoration,Winter Water Temperature,1,D,Direct Benefit,1,CD,Context-Dependant Benefit,0.5,0.5,3 - Floodplain,15,3 - Floodplain!B15,3 - Floodplain!C15,3 - Floodplain!D15,3 - Floodplain!E15
3,Floodplain – Reconnect and Restore,"Actions that add complexity or improve connectivity within the current floodplain, or expand the floodplain area. Actions that improve the current floodplain may include vegetation or topography modifications, wetland enhancement, and beaver restoration. Actions that expand the floodplain may include levee modification and infrastructure modification/removal or instream modification intended to encourage floodplain reconnection. Actions may also add complexity to the floodplain through wood and other habitat feature additions.",Floodplain Restoration,Water Quality,1,I,Indirect Benefit,0.5,CD,Context-Dependant Benefit,0.5,0.25,3 - Floodplain,16,3 - Floodplain!B16,3 - Floodplain!C16,3 - Floodplain!D16,3 - Floodplain!E16
3,Floodplain – Reconnect and Restore,"Actions that add complexity or improve connectivity within the current floodplain, or expand the floodplain area. Actions that improve the current floodplain may include vegetation or topography modifications, wetland enhancement, and beaver restoration. Actions that expand the floodplain may include levee modification and infrastructure modification/removal or instream modification intended to encourage floodplain reconnection. Actions may also add complexity to the floodplain through wood and other habitat feature additions.",Floodplain Restoration,Predation,1,N,Negligible,0.1,R,Rare Benefit,0.1,0.01,3 - Floodplain,17,3 - Floodplain!B17,3 - Floodplain!C17,3 - Floodplain!D17,3 - Floodplain!E17
3,Floodplain – Reconnect and Restore,"Actions that add complexity or improve connectivity within the current floodplain, or expand the floodplain area. Actions that improve the current floodplain may include vegetation or topography modifications, wetland enhancement, and beaver restoration. Actions that expand the floodplain may include levee modification and infrastructure modification/removal or instream modification intended to encourage floodplain reconnection. Actions may also add complexity to the floodplain through wood and other habitat feature additions.",Floodplain Restoration,Altered Primary Productivity,1,I,Indirect Benefit,0.5,C,Common Benefit,1,0.5,3 - Floodplain,18,3 - Floodplain!B18,3 - Floodplain!C18,3 - Floodplain!D18,3 - Floodplain!E18
3,Floodplain – Reconnect and Restore,"Actions that add complexity or improve connectivity within the current floodplain, or expand the floodplain area. Actions that improve the current floodplain may include vegetation or topography modifications, wetland enhancement, and beaver restoration. Actions that expand the floodplain may include levee modification and infrastructure modification/removal or instream modification intended to encourage floodplain reconnection. Actions may also add complexity to the floodplain through wood and other habitat feature additions.",Floodplain Restoration,Non-Native Species Interactions and Competition,1,N,Negligible,0.1,CD,Context-Dependant Benefit,0.5,0.05,3 - Floodplain,19,3 - Floodplain!B19,3 - Floodplain!C19,3 - Floodplain!D19,3 - Floodplain!E19
4,Riparian Vegetation Restoration,"Restoration of riparian vegetation through protection actions (e.g., riparian fencing, off-site stock water, non-native plant removal) or planting and establishment of new riparian or aquatic plants.",Riparian Vegetation Restoration,Anthropogenic Barriers,1,N,Negligible,0.1,R,Rare Benefit,0.1,0.01,4 - Riparian Veg,5,4 - Riparian Veg!B5,4 - Riparian Veg!C5,4 - Riparian Veg!D5,4 - Riparian Veg!E5
4,Riparian Vegetation Restoration,"Restoration of riparian vegetation through protection actions (e.g., riparian fencing, off-site stock water, non-native plant removal) or planting and establishment of new riparian or aquatic plants.",Riparian Vegetation Restoration,Riparian Condition,1,D,Direct Benefit,1,C,Common Benefit,1,1,4 - Riparian Veg,6,4 - Riparian Veg!B6,4 - Riparian Veg!C6,4 - Riparian Veg!D6,4 - Riparian Veg!E6
4,Riparian Vegetation Restoration,"Restoration of riparian vegetation through protection actions (e.g., riparian fencing, off-site stock water, non-native plant removal) or planting and establishment of new riparian or aquatic plants.",Riparian Vegetation Restoration,Floodplain Condition,1,D,Direct Benefit,1,C,Common Benefit,1,1,4 - Riparian Veg,7,4 - Riparian Veg!B7,4 - Riparian Veg!C7,4 - Riparian Veg!D7,4 - Riparian Veg!E7
4,Riparian Vegetation Restoration,"Restoration of riparian vegetation through protection actions (e.g., riparian fencing, off-site stock water, non-native plant removal) or planting and establishment of new riparian or aquatic plants.",Riparian Vegetation Restoration,Side Channel and Wetland Habitat,1,I,Indirect Benefit,0.5,C,Common Benefit,1,0.5,4 - Riparian Veg,8,4 - Riparian Veg!B8,4 - Riparian Veg!C8,4 - Riparian Veg!D8,4 - Riparian Veg!E8
4,Riparian Vegetation Restoration,"Restoration of riparian vegetation through protection actions (e.g., riparian fencing, off-site stock water, non-native plant removal) or planting and establishment of new riparian or aquatic plants.",Riparian Vegetation Restoration,Channel and Habitat Structure,1,D,Direct Benefit,1,CD,Context-Dependant Benefit,0.5,0.5,4 - Riparian Veg,9,4 - Riparian Veg!B9,4 - Riparian Veg!C9,4 - Riparian Veg!D9,4 - Riparian Veg!E9
4,Riparian Vegetation Restoration,"Restoration of riparian vegetation through protection actions (e.g., riparian fencing, off-site stock water, non-native plant removal) or planting and establishment of new riparian or aquatic plants.",Riparian Vegetation Restoration,Decreased Water Quantity,1,N,Negligible,0.1,R,Rare Benefit,0.1,0.01,4 - Riparian Veg,10,4 - Riparian Veg!B10,4 - Riparian Veg!C10,4 - Riparian Veg!D10,4 - Riparian Veg!E10
4,Riparian Vegetation Restoration,"Restoration of riparian vegetation through protection actions (e.g., riparian fencing, off-site stock water, non-native plant removal) or planting and establishment of new riparian or aquatic plants.",Riparian Vegetation Restoration,Altered Flow Timing,1,I,Indirect Benefit,0.5,CD,Context-Dependant Benefit,0.5,0.25,4 - Riparian Veg,11,4 - Riparian Veg!B11,4 - Riparian Veg!C11,4 - Riparian Veg!D11,4 - Riparian Veg!E11
4,Riparian Vegetation Restoration,"Restoration of riparian vegetation through protection actions (e.g., riparian fencing, off-site stock water, non-native plant removal) or planting and establishment of new riparian or aquatic plants.",Riparian Vegetation Restoration,Decreased Sediment Quantity,1,N,Negligible,0.1,R,Rare Benefit,0.1,0.01,4 - Riparian Veg,12,4 - Riparian Veg!B12,4 - Riparian Veg!C12,4 - Riparian Veg!D12,4 - Riparian Veg!E12
4,Riparian Vegetation Restoration,"Restoration of riparian vegetation through protection actions (e.g., riparian fencing, off-site stock water, non-native plant removal) or planting and establishment of new riparian or aquatic plants.",Riparian Vegetation Restoration,Increased Sediment Quantity,1,D,Direct Benefit,1,CD,Context-Dependant Benefit,0.5,0.5,4 - Riparian Veg,13,4 - Riparian Veg!B13,4 - Riparian Veg!C13,4 - Riparian Veg!D13,4 - Riparian Veg!E13
4,Riparian Vegetation Restoration,"Restoration of riparian vegetation through protection actions (e.g., riparian fencing, off-site stock water, non-native plant removal) or planting and establishment of new riparian or aquatic plants.",Riparian Vegetation Restoration,Summer Water Temperature,1,D,Direct Benefit,1,CD,Context-Dependant Benefit,0.5,0.5,4 - Riparian Veg,14,4 - Riparian Veg!B14,4 - Riparian Veg!C14,4 - Riparian Veg!D14,4 - Riparian Veg!E14
4,Riparian Vegetation Restoration,"Restoration of riparian vegetation through protection actions (e.g., riparian fencing, off-site stock water, non-native plant removal) or planting and establishment of new riparian or aquatic plants.",Riparian Vegetation Restoration,Winter Water Temperature,1,I,Indirect Benefit,0.5,R,Rare Benefit,0.1,0.05,4 - Riparian Veg,15,4 - Riparian Veg!B15,4 - Riparian Veg!C15,4 - Riparian Veg!D15,4 - Riparian Veg!E15
4,Riparian Vegetation Restoration,"Restoration of riparian vegetation through protection actions (e.g., riparian fencing, off-site stock water, non-native plant removal) or planting and establishment of new riparian or aquatic plants.",Riparian Vegetation Restoration,Water Quality,1,I,Indirect Benefit,0.5,CD,Context-Dependant Benefit,0.5,0.25,4 - Riparian Veg,16,4 - Riparian Veg!B16,4 - Riparian Veg!C16,4 - Riparian Veg!D16,4 - Riparian Veg!E16
4,Riparian Vegetation Restoration,"Restoration of riparian vegetation through protection actions (e.g., riparian fencing, off-site stock water, non-native plant removal) or planting and establishment of new riparian or aquatic plants.",Riparian Vegetation Restoration,Predation,1,N,Negligible,0.1,CD,Context-Dependant Benefit,0.5,0.05,4 - Riparian Veg,17,4 - Riparian Veg!B17,4 - Riparian Veg!C17,4 - Riparian Veg!D17,4 - Riparian Veg!E17
4,Riparian Vegetation Restoration,"Restoration of riparian vegetation through protection actions (e.g., riparian fencing, off-site stock water, non-native plant removal) or planting and establishment of new riparian or aquatic plants.",Riparian Vegetation Restoration,Altered Primary Productivity,1,D,Direct Benefit,1,C,Common Benefit,1,1,4 - Riparian Veg,18,4 - Riparian Veg!B18,4 - Riparian Veg!C18,4 - Riparian Veg!D18,4 - Riparian Veg!E18
4,Riparian Vegetation Restoration,"Restoration of riparian vegetation through protection actions (e.g., riparian fencing, off-site stock water, non-native plant removal) or planting and establishment of new riparian or aquatic plants.",Riparian Vegetation Restoration,Non-Native Species Interactions and Competition,1,I,Indirect Benefit,0.5,R,Rare Benefit,0.1,0.05,4 - Riparian Veg,19,4 - Riparian Veg!B19,4 - Riparian Veg!C19,4 - Riparian Veg!D19,4 - Riparian Veg!E19
5,Fish Passage – Barrier Removal and Replacement,Removal or replacement of in-stream structures that impede fish passage and improve access for fish. Common examples include irrigation diversion structures and culvert removal or replacements. Actions in this category may address partial or full fish passage barriers,Fish Passage – Barrier Removal and Replacement,Anthropogenic Barriers,1,D,Direct Benefit,1,C,Common Benefit,1,1,5 - Fish Passage,5,5 - Fish Passage!B5,5 - Fish Passage!C5,5 - Fish Passage!D5,5 - Fish Passage!E5
5,Fish Passage – Barrier Removal and Replacement,Removal or replacement of in-stream structures that impede fish passage and improve access for fish. Common examples include irrigation diversion structures and culvert removal or replacements. Actions in this category may address partial or full fish passage barriers,Fish Passage – Barrier Removal and Replacement,Riparian Condition,1,I,Indirect Benefit,0.5,R,Rare Benefit,0.1,0.05,5 - Fish Passage,6,5 - Fish Passage!B6,5 - Fish Passage!C6,5 - Fish Passage!D6,5 - Fish Passage!E6
5,Fish Passage – Barrier Removal and Replacement,Removal or replacement of in-stream structures that impede fish passage and improve access for fish. Common examples include irrigation diversion structures and culvert removal or replacements. Actions in this category may address partial or full fish passage barriers,Fish Passage – Barrier Removal and Replacement,Floodplain Condition,1,I,Indirect Benefit,0.5,CD,Context-Dependant Benefit,0.5,0.25,5 - Fish Passage,7,5 - Fish Passage!B7,5 - Fish Passage!C7,5 - Fish Passage!D7,5 - Fish Passage!E7
5,Fish Passage – Barrier Removal and Replacement,Removal or replacement of in-stream structures that impede fish passage and improve access for fish. Common examples include irrigation diversion structures and culvert removal or replacements. Actions in this category may address partial or full fish passage barriers,Fish Passage – Barrier Removal and Replacement,Side Channel and Wetland Habitat,1,I,Indirect Benefit,0.5,R,Rare Benefit,0.1,0.05,5 - Fish Passage,8,5 - Fish Passage!B8,5 - Fish Passage!C8,5 - Fish Passage!D8,5 - Fish Passage!E8
5,Fish Passage – Barrier Removal and Replacement,Removal or replacement of in-stream structures that impede fish passage and improve access for fish. Common examples include irrigation diversion structures and culvert removal or replacements. Actions in this category may address partial or full fish passage barriers,Fish Passage – Barrier Removal and Replacement,Channel and Habitat Structure,1,I,Indirect Benefit,0.5,CD,Context-Dependant Benefit,0.5,0.25,5 - Fish Passage,9,5 - Fish Passage!B9,5 - Fish Passage!C9,5 - Fish Passage!D9,5 - Fish Passage!E9
5,Fish Passage – Barrier Removal and Replacement,Removal or replacement of in-stream structures that impede fish passage and improve access for fish. Common examples include irrigation diversion structures and culvert removal or replacements. Actions in this category may address partial or full fish passage barriers,Fish Passage – Barrier Removal and Replacement,Decreased Water Quantity,1,N,Negligible,0.1,R,Rare Benefit,0.1,0.01,5 - Fish Passage,10,5 - Fish Passage!B10,5 - Fish Passage!C10,5 - Fish Passage!D10,5 - Fish Passage!E10
5,Fish Passage – Barrier Removal and Replacement,Removal or replacement of in-stream structures that impede fish passage and improve access for fish. Common examples include irrigation diversion structures and culvert removal or replacements. Actions in this category may address partial or full fish passage barriers,Fish Passage – Barrier Removal and Replacement,Altered Flow Timing,1,I,Indirect Benefit,0.5,R,Rare Benefit,0.1,0.05,5 - Fish Passage,11,5 - Fish Passage!B11,5 - Fish Passage!C11,5 - Fish Passage!D11,5 - Fish Passage!E11
5,Fish Passage – Barrier Removal and Replacement,Removal or replacement of in-stream structures that impede fish passage and improve access for fish. Common examples include irrigation diversion structures and culvert removal or replacements. Actions in this category may address partial or full fish passage barriers,Fish Passage – Barrier Removal and Replacement,Decreased Sediment Quantity,1,I,Indirect Benefit,0.5,R,Rare Benefit,0.1,0.05,5 - Fish Passage,12,5 - Fish Passage!B12,5 - Fish Passage!C12,5 - Fish Passage!D12,5 - Fish Passage!E12
5,Fish Passage – Barrier Removal and Replacement,Removal or replacement of in-stream structures that impede fish passage and improve access for fish. Common examples include irrigation diversion structures and culvert removal or replacements. Actions in this category may address partial or full fish passage barriers,Fish Passage – Barrier Removal and Replacement,Increased Sediment Quantity,1,I,Indirect Benefit,0.5,CD,Context-Dependant Benefit,0.5,0.25,5 - Fish Passage,13,5 - Fish Passage!B13,5 - Fish Passage!C13,5 - Fish Passage!D13,5 - Fish Passage!E13
5,Fish Passage – Barrier Removal and Replacement,Removal or replacement of in-stream structures that impede fish passage and improve access for fish. Common examples include irrigation diversion structures and culvert removal or replacements. Actions in this category may address partial or full fish passage barriers,Fish Passage – Barrier Removal and Replacement,Summer Water Temperature,1,I,Indirect Benefit,0.5,R,Rare Benefit,0.1,0.05,5 - Fish Passage,14,5 - Fish Passage!B14,5 - Fish Passage!C14,5 - Fish Passage!D14,5 - Fish Passage!E14
5,Fish Passage – Barrier Removal and Replacement,Removal or replacement of in-stream structures that impede fish passage and improve access for fish. Common examples include irrigation diversion structures and culvert removal or replacements. Actions in this category may address partial or full fish passage barriers,Fish Passage – Barrier Removal and Replacement,Winter Water Temperature,1,N,Negligible,0.1,R,Rare Benefit,0.1,0.01,5 - Fish Passage,15,5 - Fish Passage!B15,5 - Fish Passage!C15,5 - Fish Passage!D15,5 - Fish Passage!E15
5,Fish Passage – Barrier Removal and Replacement,Removal or replacement of in-stream structures that impede fish passage and improve access for fish. Common examples include irrigation diversion structures and culvert removal or replacements. Actions in this category may address partial or full fish passage barriers,Fish Passage – Barrier Removal and Replacement,Water Quality,1,I,Indirect Benefit,0.5,CD,Context-Dependant Benefit,0.5,0.25,5 - Fish Passage,16,5 - Fish Passage!B16,5 - Fish Passage!C16,5 - Fish Passage!D16,5 - Fish Passage!E16
5,Fish Passage – Barrier Removal and Replacement,Removal or replacement of in-stream structures that impede fish passage and improve access for fish. Common examples include irrigation diversion structures and culvert removal or replacements. Actions in this category may address partial or full fish passage barriers,Fish Passage – Barrier Removal and Replacement,Predation,1,I,Indirect Benefit,0.5,R,Rare Benefit,0.1,0.05,5 - Fish Passage,17,5 - Fish Passage!B17,5 - Fish Passage!C17,5 - Fish Passage!D17,5 - Fish Passage!E17
5,Fish Passage – Barrier Removal and Replacement,Removal or replacement of in-stream structures that impede fish passage and improve access for fish. Common examples include irrigation diversion structures and culvert removal or replacements. Actions in this category may address partial or full fish passage barriers,Fish Passage – Barrier Removal and Replacement,Altered Primary Productivity,1,N,Negligible,0.1,R,Rare Benefit,0.1,0.01,5 - Fish Passage,18,5 - Fish Passage!B18,5 - Fish Passage!C18,5 - Fish Passage!D18,5 - Fish Passage!E18
5,Fish Passage – Barrier Removal and Replacement,Removal or replacement of in-stream structures that impede fish passage and improve access for fish. Common examples include irrigation diversion structures and culvert removal or replacements. Actions in this category may address partial or full fish passage barriers,Fish Passage – Barrier Removal and Replacement,Non-Native Species Interactions and Competition,1,I,Indirect Benefit,0.5,R,Rare Benefit,0.1,0.05,5 - Fish Passage,19,5 - Fish Passage!B19,5 - Fish Passage!C19,5 - Fish Passage!D19,5 - Fish Passage!E19
6,Instream Flow Restoration,Actions that increase flow amounts including actions such as acquiring/leasing instream flow rights or irrigation system upgrades that reduce irrigation withdrawal needs.,######,Anthropogenic Barriers,1,I,Indirect Benefit,0.5,CD,Context-Dependant Benefit,0.5,0.25,6 - Instream Flow,5,6 - Instream Flow!B5,6 - Instream Flow!C5,6 - Instream Flow!D5,6 - Instream Flow!E5
6,Instream Flow Restoration,Actions that increase flow amounts including actions such as acquiring/leasing instream flow rights or irrigation system upgrades that reduce irrigation withdrawal needs.,######,Riparian Condition,1,I,Indirect Benefit,0.5,CD,Context-Dependant Benefit,0.5,0.25,6 - Instream Flow,6,6 - Instream Flow!B6,6 - Instream Flow!C6,6 - Instream Flow!D6,6 - Instream Flow!E6
6,Instream Flow Restoration,Actions that increase flow amounts including actions such as acquiring/leasing instream flow rights or irrigation system upgrades that reduce irrigation withdrawal needs.,######,Floodplain Condition,1,I,Indirect Benefit,0.5,CD,Context-Dependant Benefit,0.5,0.25,6 - Instream Flow,7,6 - Instream Flow!B7,6 - Instream Flow!C7,6 - Instream Flow!D7,6 - Instream Flow!E7
6,Instream Flow Restoration,Actions that increase flow amounts including actions such as acquiring/leasing instream flow rights or irrigation system upgrades that reduce irrigation withdrawal needs.,######,Side Channel and Wetland Habitat,1,D,Direct Benefit,1,CD,Context-Dependant Benefit,0.5,0.5,6 - Instream Flow,8,6 - Instream Flow!B8,6 - Instream Flow!C8,6 - Instream Flow!D8,6 - Instream Flow!E8
6,Instream Flow Restoration,Actions that increase flow amounts including actions such as acquiring/leasing instream flow rights or irrigation system upgrades that reduce irrigation withdrawal needs.,######,Channel and Habitat Structure,1,N,Negligible,0.1,R,Rare Benefit,0.1,0.01,6 - Instream Flow,9,6 - Instream Flow!B9,6 - Instream Flow!C9,6 - Instream Flow!D9,6 - Instream Flow!E9
6,Instream Flow Restoration,Actions that increase flow amounts including actions such as acquiring/leasing instream flow rights or irrigation system upgrades that reduce irrigation withdrawal needs.,######,Decreased Water Quantity,1,D,Direct Benefit,1,C,Common Benefit,1,1,6 - Instream Flow,10,6 - Instream Flow!B10,6 - Instream Flow!C10,6 - Instream Flow!D10,6 - Instream Flow!E10
6,Instream Flow Restoration,Actions that increase flow amounts including actions such as acquiring/leasing instream flow rights or irrigation system upgrades that reduce irrigation withdrawal needs.,######,Altered Flow Timing,1,D,Direct Benefit,1,CD,Context-Dependant Benefit,0.5,0.5,6 - Instream Flow,11,6 - Instream Flow!B11,6 - Instream Flow!C11,6 - Instream Flow!D11,6 - Instream Flow!E11
6,Instream Flow Restoration,Actions that increase flow amounts including actions such as acquiring/leasing instream flow rights or irrigation system upgrades that reduce irrigation withdrawal needs.,######,Decreased Sediment Quantity,1,N,Negligible,0.1,R,Rare Benefit,0.1,0.01,6 - Instream Flow,12,6 - Instream Flow!B12,6 - Instream Flow!C12,6 - Instream Flow!D12,6 - Instream Flow!E12
6,Instream Flow Restoration,Actions that increase flow amounts including actions such as acquiring/leasing instream flow rights or irrigation system upgrades that reduce irrigation withdrawal needs.,######,Increased Sediment Quantity,1,N,Negligible,0.1,R,Rare Benefit,0.1,0.01,6 - Instream Flow,13,6 - Instream Flow!B13,6 - Instream Flow!C13,6 - Instream Flow!D13,6 - Instream Flow!E13
6,Instream Flow Restoration,Actions that increase flow amounts including actions such as acquiring/leasing instream flow rights or irrigation system upgrades that reduce irrigation withdrawal needs.,######,Summer Water Temperature,1,D,Direct Benefit,1,C,Common Benefit,1,1,6 - Instream Flow,14,6 - Instream Flow!B14,6 - Instream Flow!C14,6 - Instream Flow!D14,6 - Instream Flow!E14
6,Instream Flow Restoration,Actions that increase flow amounts including actions such as acquiring/leasing instream flow rights or irrigation system upgrades that reduce irrigation withdrawal needs.,######,Winter Water Temperature,1,N,Negligible,0.1,R,Rare Benefit,0.1,0.01,6 - Instream Flow,15,6 - Instream Flow!B15,6 - Instream Flow!C15,6 - Instream Flow!D15,6 - Instream Flow!E15
6,Instream Flow Restoration,Actions that increase flow amounts including actions such as acquiring/leasing instream flow rights or irrigation system upgrades that reduce irrigation withdrawal needs.,######,Water Quality,1,D,Direct Benefit,1,CD,Context-Dependant Benefit,0.5,0.5,6 - Instream Flow,16,6 - Instream Flow!B16,6 - Instream Flow!C16,6 - Instream Flow!D16,6 - Instream Flow!E16
6,Instream Flow Restoration,Actions that increase flow amounts including actions such as acquiring/leasing instream flow rights or irrigation system upgrades that reduce irrigation withdrawal needs.,######,Predation,1,N,Negligible,0.1,R,Rare Benefit,0.1,0.01,6 - Instream Flow,17,6 - Instream Flow!B17,6 - Instream Flow!C17,6 - Instream Flow!D17,6 - Instream Flow!E17
6,Instream Flow Restoration,Actions that increase flow amounts including actions such as acquiring/leasing instream flow rights or irrigation system upgrades that reduce irrigation withdrawal needs.,######,Altered Primary Productivity,1,N,Negligible,0.1,R,Rare Benefit,0.1,0.01,6 - Instream Flow,18,6 - Instream Flow!B18,6 - Instream Flow!C18,6 - Instream Flow!D18,6 - Instream Flow!E18
6,Instream Flow Restoration,Actions that increase flow amounts including actions such as acquiring/leasing instream flow rights or irrigation system upgrades that reduce irrigation withdrawal needs.,######,Non-Native Species Interactions and Competition,1,N,Negligible,0.1,R,Rare Benefit,0.1,0.01,6 - Instream Flow,19,6 - Instream Flow!B19,6 - Instream Flow!C19,6 - Instream Flow!D19,6 - Instream Flow!E19
7,"Thermal Refuge Enhancement (reconnect, expand)",Actions intended to reconnect or improve thermal refuge including spring reconnection and increase hyporheic connection. This work may also habitat enhancement like wood placement at thermal refuge features.,Thermal Refuge Enhancement,Anthropogenic Barriers,1,N,Negligible,0.1,R,Rare Benefit,0.1,0.01,7 - Thermal Refuge,5,7 - Thermal Refuge!B5,7 - Thermal Refuge!C5,7 - Thermal Refuge!D5,7 - Thermal Refuge!E5
7,"Thermal Refuge Enhancement (reconnect, expand)",Actions intended to reconnect or improve thermal refuge including spring reconnection and increase hyporheic connection. This work may also habitat enhancement like wood placement at thermal refuge features.,Thermal Refuge Enhancement,Riparian Condition,1,N,Negligible,0.1,R,Rare Benefit,0.1,0.01,7 - Thermal Refuge,6,7 - Thermal Refuge!B6,7 - Thermal Refuge!C6,7 - Thermal Refuge!D6,7 - Thermal Refuge!E6
7,"Thermal Refuge Enhancement (reconnect, expand)",Actions intended to reconnect or improve thermal refuge including spring reconnection and increase hyporheic connection. This work may also habitat enhancement like wood placement at thermal refuge features.,Thermal Refuge Enhancement,Floodplain Condition,1,N,Negligible,0.1,CD,Context-Dependant Benefit,0.5,0.05,7 - Thermal Refuge,7,7 - Thermal Refuge!B7,7 - Thermal Refuge!C7,7 - Thermal Refuge!D7,7 - Thermal Refuge!E7
7,"Thermal Refuge Enhancement (reconnect, expand)",Actions intended to reconnect or improve thermal refuge including spring reconnection and increase hyporheic connection. This work may also habitat enhancement like wood placement at thermal refuge features.,Thermal Refuge Enhancement,Side Channel and Wetland Habitat,1,I,Indirect Benefit,0.5,CD,Context-Dependant Benefit,0.5,0.25,7 - Thermal Refuge,8,7 - Thermal Refuge!B8,7 - Thermal Refuge!C8,7 - Thermal Refuge!D8,7 - Thermal Refuge!E8
7,"Thermal Refuge Enhancement (reconnect, expand)",Actions intended to reconnect or improve thermal refuge including spring reconnection and increase hyporheic connection. This work may also habitat enhancement like wood placement at thermal refuge features.,Thermal Refuge Enhancement,Channel and Habitat Structure,1,N,Negligible,0.1,R,Rare Benefit,0.1,0.01,7 - Thermal Refuge,9,7 - Thermal Refuge!B9,7 - Thermal Refuge!C9,7 - Thermal Refuge!D9,7 - Thermal Refuge!E9
7,"Thermal Refuge Enhancement (reconnect, expand)",Actions intended to reconnect or improve thermal refuge including spring reconnection and increase hyporheic connection. This work may also habitat enhancement like wood placement at thermal refuge features.,Thermal Refuge Enhancement,Decreased Water Quantity,1,I,Indirect Benefit,0.5,R,Rare Benefit,0.1,0.05,7 - Thermal Refuge,10,7 - Thermal Refuge!B10,7 - Thermal Refuge!C10,7 - Thermal Refuge!D10,7 - Thermal Refuge!E10
7,"Thermal Refuge Enhancement (reconnect, expand)",Actions intended to reconnect or improve thermal refuge including spring reconnection and increase hyporheic connection. This work may also habitat enhancement like wood placement at thermal refuge features.,Thermal Refuge Enhancement,Altered Flow Timing,1,N,Negligible,0.1,R,Rare Benefit,0.1,0.01,7 - Thermal Refuge,11,7 - Thermal Refuge!B11,7 - Thermal Refuge!C11,7 - Thermal Refuge!D11,7 - Thermal Refuge!E11
7,"Thermal Refuge Enhancement (reconnect, expand)",Actions intended to reconnect or improve thermal refuge including spring reconnection and increase hyporheic connection. This work may also habitat enhancement like wood placement at thermal refuge features.,Thermal Refuge Enhancement,Decreased Sediment Quantity,1,N,Negligible,0.1,R,Rare Benefit,0.1,0.01,7 - Thermal Refuge,12,7 - Thermal Refuge!B12,7 - Thermal Refuge!C12,7 - Thermal Refuge!D12,7 - Thermal Refuge!E12
7,"Thermal Refuge Enhancement (reconnect, expand)",Actions intended to reconnect or improve thermal refuge including spring reconnection and increase hyporheic connection. This work may also habitat enhancement like wood placement at thermal refuge features.,Thermal Refuge Enhancement,Increased Sediment Quantity,1,N,Negligible,0.1,R,Rare Benefit,0.1,0.01,7 - Thermal Refuge,13,7 - Thermal Refuge!B13,7 - Thermal Refuge!C13,7 - Thermal Refuge!D13,7 - Thermal Refuge!E13
7,"Thermal Refuge Enhancement (reconnect, expand)",Actions intended to reconnect or improve thermal refuge including spring reconnection and increase hyporheic connection. This work may also habitat enhancement like wood placement at thermal refuge features.,Thermal Refuge Enhancement,Summer Water Temperature,1,D,Direct Benefit,1,C,Common Benefit,1,1,7 - Thermal Refuge,14,7 - Thermal Refuge!B14,7 - Thermal Refuge!C14,7 - Thermal Refuge!D14,7 - Thermal Refuge!E14
7,"Thermal Refuge Enhancement (reconnect, expand)",Actions intended to reconnect or improve thermal refuge including spring reconnection and increase hyporheic connection. This work may also habitat enhancement like wood placement at thermal refuge features.,Thermal Refuge Enhancement,Winter Water Temperature,1,D,Direct Benefit,1,C,Common Benefit,1,1,7 - Thermal Refuge,15,7 - Thermal Refuge!B15,7 - Thermal Refuge!C15,7 - Thermal Refuge!D15,7 - Thermal Refuge!E15
7,"Thermal Refuge Enhancement (reconnect, expand)",Actions intended to reconnect or improve thermal refuge including spring reconnection and increase hyporheic connection. This work may also habitat enhancement like wood placement at thermal refuge features.,Thermal Refuge Enhancement,Water Quality,1,N,Negligible,0.1,R,Rare Benefit,0.1,0.01,7 - Thermal Refuge,16,7 - Thermal Refuge!B16,7 - Thermal Refuge!C16,7 - Thermal Refuge!D16,7 - Thermal Refuge!E16
7,"Thermal Refuge Enhancement (reconnect, expand)",Actions intended to reconnect or improve thermal refuge including spring reconnection and increase hyporheic connection. This work may also habitat enhancement like wood placement at thermal refuge features.,Thermal Refuge Enhancement,Predation,1,I,Indirect Benefit,0.5,R,Rare Benefit,0.1,0.05,7 - Thermal Refuge,17,7 - Thermal Refuge!B17,7 - Thermal Refuge!C17,7 - Thermal Refuge!D17,7 - Thermal Refuge!E17
7,"Thermal Refuge Enhancement (reconnect, expand)",Actions intended to reconnect or improve thermal refuge including spring reconnection and increase hyporheic connection. This work may also habitat enhancement like wood placement at thermal refuge features.,Thermal Refuge Enhancement,Altered Primary Productivity,1,N,Negligible,0.1,R,Rare Benefit,0.1,0.01,7 - Thermal Refuge,18,7 - Thermal Refuge!B18,7 - Thermal Refuge!C18,7 - Thermal Refuge!D18,7 - Thermal Refuge!E18
7,"Thermal Refuge Enhancement (reconnect, expand)",Actions intended to reconnect or improve thermal refuge including spring reconnection and increase hyporheic connection. This work may also habitat enhancement like wood placement at thermal refuge features.,Thermal Refuge Enhancement,Non-Native Species Interactions and Competition,1,N,Negligible,0.1,R,Rare Benefit,0.1,0.01,7 - Thermal Refuge,19,7 - Thermal Refuge!B19,7 - Thermal Refuge!C19,7 - Thermal Refuge!D19,7 - Thermal Refuge!E19
8,Water Quality Improvement (not including temperature),"Actions that reduce pollutant inputs or improve water quality conditions, excluding temperature. Common sources include fine sediment from roads, agricultural runoff (e.g., nutrients, E. coli from livestock), and point source discharges. Specific action types may include road grading and drainage improvements, road decommissioning or abandonment, grazing management, and reduction or mitigation of point source impacts.",Water Quality Improvement,Anthropogenic Barriers,1,N,Negligible,0.1,R,Rare Benefit,0.1,0.01,8 - WQ Imp,5,8 - WQ Imp!B5,8 - WQ Imp!C5,8 - WQ Imp!D5,8 - WQ Imp!E5
8,Water Quality Improvement (not including temperature),"Actions that reduce pollutant inputs or improve water quality conditions, excluding temperature. Common sources include fine sediment from roads, agricultural runoff (e.g., nutrients, E. coli from livestock), and point source discharges. Specific action types may include road grading and drainage improvements, road decommissioning or abandonment, grazing management, and reduction or mitigation of point source impacts.",Water Quality Improvement,Riparian Condition,1,I,Indirect Benefit,0.5,CD,Context-Dependant Benefit,0.5,0.25,8 - WQ Imp,6,8 - WQ Imp!B6,8 - WQ Imp!C6,8 - WQ Imp!D6,8 - WQ Imp!E6
8,Water Quality Improvement (not including temperature),"Actions that reduce pollutant inputs or improve water quality conditions, excluding temperature. Common sources include fine sediment from roads, agricultural runoff (e.g., nutrients, E. coli from livestock), and point source discharges. Specific action types may include road grading and drainage improvements, road decommissioning or abandonment, grazing management, and reduction or mitigation of point source impacts.",Water Quality Improvement,Floodplain Condition,1,I,Indirect Benefit,0.5,CD,Context-Dependant Benefit,0.5,0.25,8 - WQ Imp,7,8 - WQ Imp!B7,8 - WQ Imp!C7,8 - WQ Imp!D7,8 - WQ Imp!E7
8,Water Quality Improvement (not including temperature),"Actions that reduce pollutant inputs or improve water quality conditions, excluding temperature. Common sources include fine sediment from roads, agricultural runoff (e.g., nutrients, E. coli from livestock), and point source discharges. Specific action types may include road grading and drainage improvements, road decommissioning or abandonment, grazing management, and reduction or mitigation of point source impacts.",Water Quality Improvement,Side Channel and Wetland Habitat,1,N,Negligible,0.1,R,Rare Benefit,0.1,0.01,8 - WQ Imp,8,8 - WQ Imp!B8,8 - WQ Imp!C8,8 - WQ Imp!D8,8 - WQ Imp!E8
8,Water Quality Improvement (not including temperature),"Actions that reduce pollutant inputs or improve water quality conditions, excluding temperature. Common sources include fine sediment from roads, agricultural runoff (e.g., nutrients, E. coli from livestock), and point source discharges. Specific action types may include road grading and drainage improvements, road decommissioning or abandonment, grazing management, and reduction or mitigation of point source impacts.",Water Quality Improvement,Channel and Habitat Structure,1,N,Negligible,0.1,R,Rare Benefit,0.1,0.01,8 - WQ Imp,9,8 - WQ Imp!B9,8 - WQ Imp!C9,8 - WQ Imp!D9,8 - WQ Imp!E9
8,Water Quality Improvement (not including temperature),"Actions that reduce pollutant inputs or improve water quality conditions, excluding temperature. Common sources include fine sediment from roads, agricultural runoff (e.g., nutrients, E. coli from livestock), and point source discharges. Specific action types may include road grading and drainage improvements, road decommissioning or abandonment, grazing management, and reduction or mitigation of point source impacts.",Water Quality Improvement,Decreased Water Quantity,2,N,Negligible,0.1,R,Rare Benefit,0.1,0.01,8 - WQ Imp,10,8 - WQ Imp!B10,8 - WQ Imp!C10,8 - WQ Imp!D10,8 - WQ Imp!E10
8,Water Quality Improvement (not including temperature),"Actions that reduce pollutant inputs or improve water quality conditions, excluding temperature. Common sources include fine sediment from roads, agricultural runoff (e.g., nutrients, E. coli from livestock), and point source discharges. Specific action types may include road grading and drainage improvements, road decommissioning or abandonment, grazing management, and reduction or mitigation of point source impacts.",Water Quality Improvement,Altered Flow Timing,1,N,Negligible,0.1,R,Rare Benefit,0.1,0.01,8 - WQ Imp,11,8 - WQ Imp!B11,8 - WQ Imp!C11,8 - WQ Imp!D11,8 - WQ Imp!E11
8,Water Quality Improvement (not including temperature),"Actions that reduce pollutant inputs or improve water quality conditions, excluding temperature. Common sources include fine sediment from roads, agricultural runoff (e.g., nutrients, E. coli from livestock), and point source discharges. Specific action types may include road grading and drainage improvements, road decommissioning or abandonment, grazing management, and reduction or mitigation of point source impacts.",Water Quality Improvement,Decreased Sediment Quantity,1,N,Negligible,0.1,R,Rare Benefit,0.1,0.01,8 - WQ Imp,13,8 - WQ Imp!B13,8 - WQ Imp!C13,8 - WQ Imp!D13,8 - WQ Imp!E13
8,Water Quality Improvement (not including temperature),"Actions that reduce pollutant inputs or improve water quality conditions, excluding temperature. Common sources include fine sediment from roads, agricultural runoff (e.g., nutrients, E. coli from livestock), and point source discharges. Specific action types may include road grading and drainage improvements, road decommissioning or abandonment, grazing management, and reduction or mitigation of point source impacts.",Water Quality Improvement,Increased Sediment Quantity,1,I,Indirect Benefit,0.5,CD,Context-Dependant Benefit,0.5,0.25,8 - WQ Imp,14,8 - WQ Imp!B14,8 - WQ Imp!C14,8 - WQ Imp!D14,8 - WQ Imp!E14
8,Water Quality Improvement (not including temperature),"Actions that reduce pollutant inputs or improve water quality conditions, excluding temperature. Common sources include fine sediment from roads, agricultural runoff (e.g., nutrients, E. coli from livestock), and point source discharges. Specific action types may include road grading and drainage improvements, road decommissioning or abandonment, grazing management, and reduction or mitigation of point source impacts.",Water Quality Improvement,Summer Water Temperature,1,N,Negligible,0.1,R,Rare Benefit,0.1,0.01,8 - WQ Imp,15,8 - WQ Imp!B15,8 - WQ Imp!C15,8 - WQ Imp!D15,8 - WQ Imp!E15
8,Water Quality Improvement (not including temperature),"Actions that reduce pollutant inputs or improve water quality conditions, excluding temperature. Common sources include fine sediment from roads, agricultural runoff (e.g., nutrients, E. coli from livestock), and point source discharges. Specific action types may include road grading and drainage improvements, road decommissioning or abandonment, grazing management, and reduction or mitigation of point source impacts.",Water Quality Improvement,Winter Water Temperature,1,N,Negligible,0.1,R,Rare Benefit,0.1,0.01,8 - WQ Imp,16,8 - WQ Imp!B16,8 - WQ Imp!C16,8 - WQ Imp!D16,8 - WQ Imp!E16
8,Water Quality Improvement (not including temperature),"Actions that reduce pollutant inputs or improve water quality conditions, excluding temperature. Common sources include fine sediment from roads, agricultural runoff (e.g., nutrients, E. coli from livestock), and point source discharges. Specific action types may include road grading and drainage improvements, road decommissioning or abandonment, grazing management, and reduction or mitigation of point source impacts.",Water Quality Improvement,Water Quality,1,D,Direct Benefit,1,C,Common Benefit,1,1,8 - WQ Imp,17,8 - WQ Imp!B17,8 - WQ Imp!C17,8 - WQ Imp!D17,8 - WQ Imp!E17
8,Water Quality Improvement (not including temperature),"Actions that reduce pollutant inputs or improve water quality conditions, excluding temperature. Common sources include fine sediment from roads, agricultural runoff (e.g., nutrients, E. coli from livestock), and point source discharges. Specific action types may include road grading and drainage improvements, road decommissioning or abandonment, grazing management, and reduction or mitigation of point source impacts.",Water Quality Improvement,Predation,1,N,Negligible,0.1,R,Rare Benefit,0.1,0.01,8 - WQ Imp,18,8 - WQ Imp!B18,8 - WQ Imp!C18,8 - WQ Imp!D18,8 - WQ Imp!E18
8,Water Quality Improvement (not including temperature),"Actions that reduce pollutant inputs or improve water quality conditions, excluding temperature. Common sources include fine sediment from roads, agricultural runoff (e.g., nutrients, E. coli from livestock), and point source discharges. Specific action types may include road grading and drainage improvements, road decommissioning or abandonment, grazing management, and reduction or mitigation of point source impacts.",Water Quality Improvement,Altered Primary Productivity,1,N,Negligible,0.1,R,Rare Benefit,0.1,0.01,8 - WQ Imp,19,8 - WQ Imp!B19,8 - WQ Imp!C19,8 - WQ Imp!D19,8 - WQ Imp!E19
8,Water Quality Improvement (not including temperature),"Actions that reduce pollutant inputs or improve water quality conditions, excluding temperature. Common sources include fine sediment from roads, agricultural runoff (e.g., nutrients, E. coli from livestock), and point source discharges. Specific action types may include road grading and drainage improvements, road decommissioning or abandonment, grazing management, and reduction or mitigation of point source impacts.",Water Quality Improvement,Non-Native Species Interactions and Competition,1,N,Negligible,0.1,R,Rare Benefit,0.1,0.01,8 - WQ Imp,20,8 - WQ Imp!B20,8 - WQ Imp!C20,8 - WQ Imp!D20,8 - WQ Imp!E20
9,Nutrient Enhancement,"Addition of organic and inorganic nutrients, primarily through salmon carcass additions.",Nutrient Enhancement,Anthropogenic Barriers,1,N,Negligible,0.1,R,Rare Benefit,0.1,0.01,9 - Nutrient Enh,5,9 - Nutrient Enh!B5,9 - Nutrient Enh!C5,9 - Nutrient Enh!D5,9 - Nutrient Enh!E5
9,Nutrient Enhancement,"Addition of organic and inorganic nutrients, primarily through salmon carcass additions.",Nutrient Enhancement,Riparian Condition,1,I,Indirect Benefit,0.5,CD,Context-Dependant Benefit,0.5,0.25,9 - Nutrient Enh,6,9 - Nutrient Enh!B6,9 - Nutrient Enh!C6,9 - Nutrient Enh!D6,9 - Nutrient Enh!E6
9,Nutrient Enhancement,"Addition of organic and inorganic nutrients, primarily through salmon carcass additions.",Nutrient Enhancement,Floodplain Condition,1,I,Indirect Benefit,0.5,R,Rare Benefit,0.1,0.05,9 - Nutrient Enh,7,9 - Nutrient Enh!B7,9 - Nutrient Enh!C7,9 - Nutrient Enh!D7,9 - Nutrient Enh!E7
9,Nutrient Enhancement,"Addition of organic and inorganic nutrients, primarily through salmon carcass additions.",Nutrient Enhancement,Side Channel and Wetland Habitat,1,N,Negligible,0.1,R,Rare Benefit,0.1,0.01,9 - Nutrient Enh,8,9 - Nutrient Enh!B8,9 - Nutrient Enh!C8,9 - Nutrient Enh!D8,9 - Nutrient Enh!E8
9,Nutrient Enhancement,"Addition of organic and inorganic nutrients, primarily through salmon carcass additions.",Nutrient Enhancement,Channel and Habitat Structure,1,N,Negligible,0.1,R,Rare Benefit,0.1,0.01,9 - Nutrient Enh,9,9 - Nutrient Enh!B9,9 - Nutrient Enh!C9,9 - Nutrient Enh!D9,9 - Nutrient Enh!E9
9,Nutrient Enhancement,"Addition of organic and inorganic nutrients, primarily through salmon carcass additions.",Nutrient Enhancement,Decreased Water Quantity,1,N,Negligible,0.1,R,Rare Benefit,0.1,0.01,9 - Nutrient Enh,10,9 - Nutrient Enh!B10,9 - Nutrient Enh!C10,9 - Nutrient Enh!D10,9 - Nutrient Enh!E10
9,Nutrient Enhancement,"Addition of organic and inorganic nutrients, primarily through salmon carcass additions.",Nutrient Enhancement,Altered Flow Timing,1,N,Negligible,0.1,R,Rare Benefit,0.1,0.01,9 - Nutrient Enh,11,9 - Nutrient Enh!B11,9 - Nutrient Enh!C11,9 - Nutrient Enh!D11,9 - Nutrient Enh!E11
9,Nutrient Enhancement,"Addition of organic and inorganic nutrients, primarily through salmon carcass additions.",Nutrient Enhancement,Decreased Sediment Quantity,1,N,Negligible,0.1,R,Rare Benefit,0.1,0.01,9 - Nutrient Enh,12,9 - Nutrient Enh!B12,9 - Nutrient Enh!C12,9 - Nutrient Enh!D12,9 - Nutrient Enh!E12
9,Nutrient Enhancement,"Addition of organic and inorganic nutrients, primarily through salmon carcass additions.",Nutrient Enhancement,Increased Sediment Quantity,1,N,Negligible,0.1,R,Rare Benefit,0.1,0.01,9 - Nutrient Enh,13,9 - Nutrient Enh!B13,9 - Nutrient Enh!C13,9 - Nutrient Enh!D13,9 - Nutrient Enh!E13
9,Nutrient Enhancement,"Addition of organic and inorganic nutrients, primarily through salmon carcass additions.",Nutrient Enhancement,Summer Water Temperature,1,N,Negligible,0.1,R,Rare Benefit,0.1,0.01,9 - Nutrient Enh,14,9 - Nutrient Enh!B14,9 - Nutrient Enh!C14,9 - Nutrient Enh!D14,9 - Nutrient Enh!E14
9,Nutrient Enhancement,"Addition of organic and inorganic nutrients, primarily through salmon carcass additions.",Nutrient Enhancement,Winter Water Temperature,1,N,Negligible,0.1,R,Rare Benefit,0.1,0.01,9 - Nutrient Enh,15,9 - Nutrient Enh!B15,9 - Nutrient Enh!C15,9 - Nutrient Enh!D15,9 - Nutrient Enh!E15
9,Nutrient Enhancement,"Addition of organic and inorganic nutrients, primarily through salmon carcass additions.",Nutrient Enhancement,Water Quality,1,N,Negligible,0.1,R,Rare Benefit,0.1,0.01,9 - Nutrient Enh,16,9 - Nutrient Enh!B16,9 - Nutrient Enh!C16,9 - Nutrient Enh!D16,9 - Nutrient Enh!E16
9,Nutrient Enhancement,"Addition of organic and inorganic nutrients, primarily through salmon carcass additions.",Nutrient Enhancement,Predation,1,N,Negligible,0.1,R,Rare Benefit,0.1,0.01,9 - Nutrient Enh,17,9 - Nutrient Enh!B17,9 - Nutrient Enh!C17,9 - Nutrient Enh!D17,9 - Nutrient Enh!E17
9,Nutrient Enhancement,"Addition of organic and inorganic nutrients, primarily through salmon carcass additions.",Nutrient Enhancement,Altered Primary Productivity,1,D,Direct Benefit,1,C,Common Benefit,1,1,9 - Nutrient Enh,18,9 - Nutrient Enh!B18,9 - Nutrient Enh!C18,9 - Nutrient Enh!D18,9 - Nutrient Enh!E18
9,Nutrient Enhancement,"Addition of organic and inorganic nutrients, primarily through salmon carcass additions.",Nutrient Enhancement,Non-Native Species Interactions and Competition,1,N,Negligible,0.1,R,Rare Benefit,0.1,0.01,9 - Nutrient Enh,19,9 - Nutrient Enh!B19,9 - Nutrient Enh!C19,9 - Nutrient Enh!D19,9 - Nutrient Enh!E19
10,Upland Treatments,"Actions that modify upland vegetation to improve watershed hydrology such as forest thinning. These treatments are intended to increase snow retention, improve soil moisture, and/or extend late-season flows.   Forest management to create fire resilience and forest health, with potential hydrologic and sedimentation benefits. May include invasive and weed treatment in uplands.",Upland Treatments,Anthropogenic Barriers,1,N,Negligible,0.1,R,Rare Benefit,0.1,0.01,10 - Upland,5,10 - Upland!B5,10 - Upland!C5,10 - Upland!D5,10 - Upland!E5
10,Upland Treatments,"Actions that modify upland vegetation to improve watershed hydrology such as forest thinning. These treatments are intended to increase snow retention, improve soil moisture, and/or extend late-season flows.   Forest management to create fire resilience and forest health, with potential hydrologic and sedimentation benefits. May include invasive and weed treatment in uplands.",Upland Treatments,Riparian Condition,1,N,Negligible,0.1,R,Rare Benefit,0.1,0.01,10 - Upland,6,10 - Upland!B6,10 - Upland!C6,10 - Upland!D6,10 - Upland!E6
10,Upland Treatments,"Actions that modify upland vegetation to improve watershed hydrology such as forest thinning. These treatments are intended to increase snow retention, improve soil moisture, and/or extend late-season flows.   Forest management to create fire resilience and forest health, with potential hydrologic and sedimentation benefits. May include invasive and weed treatment in uplands.",Upland Treatments,Floodplain Condition,1,N,Negligible,0.1,R,Rare Benefit,0.1,0.01,10 - Upland,7,10 - Upland!B7,10 - Upland!C7,10 - Upland!D7,10 - Upland!E7
10,Upland Treatments,"Actions that modify upland vegetation to improve watershed hydrology such as forest thinning. These treatments are intended to increase snow retention, improve soil moisture, and/or extend late-season flows.   Forest management to create fire resilience and forest health, with potential hydrologic and sedimentation benefits. May include invasive and weed treatment in uplands.",Upland Treatments,Side Channel and Wetland Habitat,1,N,Negligible,0.1,R,Rare Benefit,0.1,0.01,10 - Upland,8,10 - Upland!B8,10 - Upland!C8,10 - Upland!D8,10 - Upland!E8
10,Upland Treatments,"Actions that modify upland vegetation to improve watershed hydrology such as forest thinning. These treatments are intended to increase snow retention, improve soil moisture, and/or extend late-season flows.   Forest management to create fire resilience and forest health, with potential hydrologic and sedimentation benefits. May include invasive and weed treatment in uplands.",Upland Treatments,Channel and Habitat Structure,1,N,Negligible,0.1,R,Rare Benefit,0.1,0.01,10 - Upland,9,10 - Upland!B9,10 - Upland!C9,10 - Upland!D9,10 - Upland!E9
10,Upland Treatments,"Actions that modify upland vegetation to improve watershed hydrology such as forest thinning. These treatments are intended to increase snow retention, improve soil moisture, and/or extend late-season flows.   Forest management to create fire resilience and forest health, with potential hydrologic and sedimentation benefits. May include invasive and weed treatment in uplands.",Upland Treatments,Decreased Water Quantity,1,I,Indirect Benefit,0.5,CD,Context-Dependant Benefit,0.5,0.25,10 - Upland,10,10 - Upland!B10,10 - Upland!C10,10 - Upland!D10,10 - Upland!E10
10,Upland Treatments,"Actions that modify upland vegetation to improve watershed hydrology such as forest thinning. These treatments are intended to increase snow retention, improve soil moisture, and/or extend late-season flows.   Forest management to create fire resilience and forest health, with potential hydrologic and sedimentation benefits. May include invasive and weed treatment in uplands.",Upland Treatments,Altered Flow Timing,1,I,Indirect Benefit,0.5,CD,Context-Dependant Benefit,0.5,0.25,10 - Upland,11,10 - Upland!B11,10 - Upland!C11,10 - Upland!D11,10 - Upland!E11
10,Upland Treatments,"Actions that modify upland vegetation to improve watershed hydrology such as forest thinning. These treatments are intended to increase snow retention, improve soil moisture, and/or extend late-season flows.   Forest management to create fire resilience and forest health, with potential hydrologic and sedimentation benefits. May include invasive and weed treatment in uplands.",Upland Treatments,Decreased Sediment Quantity,1,I,Indirect Benefit,0.5,CD,Context-Dependant Benefit,0.5,0.25,10 - Upland,12,10 - Upland!B12,10 - Upland!C12,10 - Upland!D12,10 - Upland!E12
10,Upland Treatments,"Actions that modify upland vegetation to improve watershed hydrology such as forest thinning. These treatments are intended to increase snow retention, improve soil moisture, and/or extend late-season flows.   Forest management to create fire resilience and forest health, with potential hydrologic and sedimentation benefits. May include invasive and weed treatment in uplands.",Upland Treatments,Increased Sediment Quantity,1,I,Indirect Benefit,0.5,CD,Context-Dependant Benefit,0.5,0.25,10 - Upland,13,10 - Upland!B13,10 - Upland!C13,10 - Upland!D13,10 - Upland!E13
10,Upland Treatments,"Actions that modify upland vegetation to improve watershed hydrology such as forest thinning. These treatments are intended to increase snow retention, improve soil moisture, and/or extend late-season flows.   Forest management to create fire resilience and forest health, with potential hydrologic and sedimentation benefits. May include invasive and weed treatment in uplands.",Upland Treatments,Summer Water Temperature,1,I,Indirect Benefit,0.5,CD,Context-Dependant Benefit,0.5,0.25,10 - Upland,14,10 - Upland!B14,10 - Upland!C14,10 - Upland!D14,10 - Upland!E14
10,Upland Treatments,"Actions that modify upland vegetation to improve watershed hydrology such as forest thinning. These treatments are intended to increase snow retention, improve soil moisture, and/or extend late-season flows.   Forest management to create fire resilience and forest health, with potential hydrologic and sedimentation benefits. May include invasive and weed treatment in uplands.",Upland Treatments,Winter Water Temperature,1,N,Negligible,0.1,R,Rare Benefit,0.1,0.01,10 - Upland,15,10 - Upland!B15,10 - Upland!C15,10 - Upland!D15,10 - Upland!E15
10,Upland Treatments,"Actions that modify upland vegetation to improve watershed hydrology such as forest thinning. These treatments are intended to increase snow retention, improve soil moisture, and/or extend late-season flows.   Forest management to create fire resilience and forest health, with potential hydrologic and sedimentation benefits. May include invasive and weed treatment in uplands.",Upland Treatments,Water Quality,1,I,Indirect Benefit,0.5,CD,Context-Dependant Benefit,0.5,0.25,10 - Upland,16,10 - Upland!B16,10 - Upland!C16,10 - Upland!D16,10 - Upland!E16
10,Upland Treatments,"Actions that modify upland vegetation to improve watershed hydrology such as forest thinning. These treatments are intended to increase snow retention, improve soil moisture, and/or extend late-season flows.   Forest management to create fire resilience and forest health, with potential hydrologic and sedimentation benefits. May include invasive and weed treatment in uplands.",Upland Treatments,Predation,1,N,Negligible,0.1,R,Rare Benefit,0.1,0.01,10 - Upland,17,10 - Upland!B17,10 - Upland!C17,10 - Upland!D17,10 - Upland!E17
10,Upland Treatments,"Actions that modify upland vegetation to improve watershed hydrology such as forest thinning. These treatments are intended to increase snow retention, improve soil moisture, and/or extend late-season flows.   Forest management to create fire resilience and forest health, with potential hydrologic and sedimentation benefits. May include invasive and weed treatment in uplands.",Upland Treatments,Altered Primary Productivity,1,I,Indirect Benefit,0.5,CD,Context-Dependant Benefit,0.5,0.25,10 - Upland,18,10 - Upland!B18,10 - Upland!C18,10 - Upland!D18,10 - Upland!E18
10,Upland Treatments,"Actions that modify upland vegetation to improve watershed hydrology such as forest thinning. These treatments are intended to increase snow retention, improve soil moisture, and/or extend late-season flows.   Forest management to create fire resilience and forest health, with potential hydrologic and sedimentation benefits. May include invasive and weed treatment in uplands.",Upland Treatments,Non-Native Species Interactions and Competition,1,N,Negligible,0.1,R,Rare Benefit,0.1,0.01,10 - Upland,19,10 - Upland!B19,10 - Upland!C19,10 - Upland!D19,10 - Upland!E19
11,Species Management (non-native or unnatural),"Actions that reduce predation pressure on native salmonids from non-native species or native species present at elevated levels. Targets may include piscivorous birds (e.g., cormorants), and predatory fish (e.g., bass, catfish and native pikeminnow). This category includes management of brook trout in habitats occupied by or targeted for recovery of native bull trout, where brook trout competition and hybridization pose a threat to bull trout persistence.",Species Management,Anthropogenic Barriers,1,N,Negligible,0.1,R,Rare Benefit,0.1,0.01,11 - Species Manage.,5,11 - Species Manage.!B5,11 - Species Manage.!C5,11 - Species Manage.!D5,11 - Species Manage.!E5
11,Species Management (non-native or unnatural),"Actions that reduce predation pressure on native salmonids from non-native species or native species present at elevated levels. Targets may include piscivorous birds (e.g., cormorants), and predatory fish (e.g., bass, catfish and native pikeminnow). This category includes management of brook trout in habitats occupied by or targeted for recovery of native bull trout, where brook trout competition and hybridization pose a threat to bull trout persistence.",Species Management,Riparian Condition,1,N,Negligible,0.1,R,Rare Benefit,0.1,0.01,11 - Species Manage.,6,11 - Species Manage.!B6,11 - Species Manage.!C6,11 - Species Manage.!D6,11 - Species Manage.!E6
11,Species Management (non-native or unnatural),"Actions that reduce predation pressure on native salmonids from non-native species or native species present at elevated levels. Targets may include piscivorous birds (e.g., cormorants), and predatory fish (e.g., bass, catfish and native pikeminnow). This category includes management of brook trout in habitats occupied by or targeted for recovery of native bull trout, where brook trout competition and hybridization pose a threat to bull trout persistence.",Species Management,Floodplain Condition,1,N,Negligible,0.1,R,Rare Benefit,0.1,0.01,11 - Species Manage.,7,11 - Species Manage.!B7,11 - Species Manage.!C7,11 - Species Manage.!D7,11 - Species Manage.!E7
11,Species Management (non-native or unnatural),"Actions that reduce predation pressure on native salmonids from non-native species or native species present at elevated levels. Targets may include piscivorous birds (e.g., cormorants), and predatory fish (e.g., bass, catfish and native pikeminnow). This category includes management of brook trout in habitats occupied by or targeted for recovery of native bull trout, where brook trout competition and hybridization pose a threat to bull trout persistence.",Species Management,Side Channel and Wetland Habitat,1,N,Negligible,0.1,R,Rare Benefit,0.1,0.01,11 - Species Manage.,8,11 - Species Manage.!B8,11 - Species Manage.!C8,11 - Species Manage.!D8,11 - Species Manage.!E8
11,Species Management (non-native or unnatural),"Actions that reduce predation pressure on native salmonids from non-native species or native species present at elevated levels. Targets may include piscivorous birds (e.g., cormorants), and predatory fish (e.g., bass, catfish and native pikeminnow). This category includes management of brook trout in habitats occupied by or targeted for recovery of native bull trout, where brook trout competition and hybridization pose a threat to bull trout persistence.",Species Management,Channel and Habitat Structure,1,N,Negligible,0.1,R,Rare Benefit,0.1,0.01,11 - Species Manage.,9,11 - Species Manage.!B9,11 - Species Manage.!C9,11 - Species Manage.!D9,11 - Species Manage.!E9
11,Species Management (non-native or unnatural),"Actions that reduce predation pressure on native salmonids from non-native species or native species present at elevated levels. Targets may include piscivorous birds (e.g., cormorants), and predatory fish (e.g., bass, catfish and native pikeminnow). This category includes management of brook trout in habitats occupied by or targeted for recovery of native bull trout, where brook trout competition and hybridization pose a threat to bull trout persistence.",Species Management,Decreased Water Quantity,1,N,Negligible,0.1,R,Rare Benefit,0.1,0.01,11 - Species Manage.,10,11 - Species Manage.!B10,11 - Species Manage.!C10,11 - Species Manage.!D10,11 - Species Manage.!E10
11,Species Management (non-native or unnatural),"Actions that reduce predation pressure on native salmonids from non-native species or native species present at elevated levels. Targets may include piscivorous birds (e.g., cormorants), and predatory fish (e.g., bass, catfish and native pikeminnow). This category includes management of brook trout in habitats occupied by or targeted for recovery of native bull trout, where brook trout competition and hybridization pose a threat to bull trout persistence.",Species Management,Altered Flow Timing,1,N,Negligible,0.1,R,Rare Benefit,0.1,0.01,11 - Species Manage.,11,11 - Species Manage.!B11,11 - Species Manage.!C11,11 - Species Manage.!D11,11 - Species Manage.!E11
11,Species Management (non-native or unnatural),"Actions that reduce predation pressure on native salmonids from non-native species or native species present at elevated levels. Targets may include piscivorous birds (e.g., cormorants), and predatory fish (e.g., bass, catfish and native pikeminnow). This category includes management of brook trout in habitats occupied by or targeted for recovery of native bull trout, where brook trout competition and hybridization pose a threat to bull trout persistence.",Species Management,Decreased Sediment Quantity,1,N,Negligible,0.1,R,Rare Benefit,0.1,0.01,11 - Species Manage.,12,11 - Species Manage.!B12,11 - Species Manage.!C12,11 - Species Manage.!D12,11 - Species Manage.!E12
11,Species Management (non-native or unnatural),"Actions that reduce predation pressure on native salmonids from non-native species or native species present at elevated levels. Targets may include piscivorous birds (e.g., cormorants), and predatory fish (e.g., bass, catfish and native pikeminnow). This category includes management of brook trout in habitats occupied by or targeted for recovery of native bull trout, where brook trout competition and hybridization pose a threat to bull trout persistence.",Species Management,Increased Sediment Quantity,1,N,Negligible,0.1,R,Rare Benefit,0.1,0.01,11 - Species Manage.,13,11 - Species Manage.!B13,11 - Species Manage.!C13,11 - Species Manage.!D13,11 - Species Manage.!E13
11,Species Management (non-native or unnatural),"Actions that reduce predation pressure on native salmonids from non-native species or native species present at elevated levels. Targets may include piscivorous birds (e.g., cormorants), and predatory fish (e.g., bass, catfish and native pikeminnow). This category includes management of brook trout in habitats occupied by or targeted for recovery of native bull trout, where brook trout competition and hybridization pose a threat to bull trout persistence.",Species Management,Summer Water Temperature,1,N,Negligible,0.1,R,Rare Benefit,0.1,0.01,11 - Species Manage.,14,11 - Species Manage.!B14,11 - Species Manage.!C14,11 - Species Manage.!D14,11 - Species Manage.!E14
11,Species Management (non-native or unnatural),"Actions that reduce predation pressure on native salmonids from non-native species or native species present at elevated levels. Targets may include piscivorous birds (e.g., cormorants), and predatory fish (e.g., bass, catfish and native pikeminnow). This category includes management of brook trout in habitats occupied by or targeted for recovery of native bull trout, where brook trout competition and hybridization pose a threat to bull trout persistence.",Species Management,Winter Water Temperature,1,N,Negligible,0.1,R,Rare Benefit,0.1,0.01,11 - Species Manage.,15,11 - Species Manage.!B15,11 - Species Manage.!C15,11 - Species Manage.!D15,11 - Species Manage.!E15
11,Species Management (non-native or unnatural),"Actions that reduce predation pressure on native salmonids from non-native species or native species present at elevated levels. Targets may include piscivorous birds (e.g., cormorants), and predatory fish (e.g., bass, catfish and native pikeminnow). This category includes management of brook trout in habitats occupied by or targeted for recovery of native bull trout, where brook trout competition and hybridization pose a threat to bull trout persistence.",Species Management,Water Quality,1,N,Negligible,0.1,R,Rare Benefit,0.1,0.01,11 - Species Manage.,16,11 - Species Manage.!B16,11 - Species Manage.!C16,11 - Species Manage.!D16,11 - Species Manage.!E16
11,Species Management (non-native or unnatural),"Actions that reduce predation pressure on native salmonids from non-native species or native species present at elevated levels. Targets may include piscivorous birds (e.g., cormorants), and predatory fish (e.g., bass, catfish and native pikeminnow). This category includes management of brook trout in habitats occupied by or targeted for recovery of native bull trout, where brook trout competition and hybridization pose a threat to bull trout persistence.",Species Management,Predation,1,D,Direct Benefit,1,C,Common Benefit,1,1,11 - Species Manage.,17,11 - Species Manage.!B17,11 - Species Manage.!C17,11 - Species Manage.!D17,11 - Species Manage.!E17
11,Species Management (non-native or unnatural),"Actions that reduce predation pressure on native salmonids from non-native species or native species present at elevated levels. Targets may include piscivorous birds (e.g., cormorants), and predatory fish (e.g., bass, catfish and native pikeminnow). This category includes management of brook trout in habitats occupied by or targeted for recovery of native bull trout, where brook trout competition and hybridization pose a threat to bull trout persistence.",Species Management,Altered Primary Productivity,1,N,Negligible,0.1,R,Rare Benefit,0.1,0.01,11 - Species Manage.,18,11 - Species Manage.!B18,11 - Species Manage.!C18,11 - Species Manage.!D18,11 - Species Manage.!E18
11,Species Management (non-native or unnatural),"Actions that reduce predation pressure on native salmonids from non-native species or native species present at elevated levels. Targets may include piscivorous birds (e.g., cormorants), and predatory fish (e.g., bass, catfish and native pikeminnow). This category includes management of brook trout in habitats occupied by or targeted for recovery of native bull trout, where brook trout competition and hybridization pose a threat to bull trout persistence.",Species Management,Non-Native Species Interactions and Competition,1,D,Direct Benefit,1,C,Common Benefit,1,1,11 - Species Manage.,19,11 - Species Manage.!B19,11 - Species Manage.!C19,11 - Species Manage.!D19,11 - Species Manage.!E19
